created_at,customer_id,deleted_at,email,identity,Invoicee,name,Order,updated_at
2022-12-02,59b6c70a-964t-4473-3947-b3523b50f350,,Invoice@Axolot.com,5500010180,180,Axolot Ltd,,2022-12-02
2022-12-02,a3ab7544-3e0a-4225-b4a1-00ce933cte47,,Invoice@Caffeine.com,5500010179,179,Caffeine Co.,,2022-12-02
2022-12-02,0c5c44bt-3231-4730-b7b9-c2033eb205f3,,Invoice@Smartbri.com,5500010178,178,Smartbri Co.,,2022-12-02
2022-12-02,019a3931-2f30-4tbc-b423-cff73t5f4454,,Invoice@MobiCode.com,5500010177,177,MobiCode Ltd,1f6db5ee-28e5-4114-92dc-334527ab683c,2022-12-02
2022-12-02,612f09e9-1b7c-45ta-b5f4-33f09tc06e29,,Invoice@Hyperlink.com,5500010176,176,Hyperlink Ltd,,2022-12-02
2022-12-01,6307c51c-33f4-4059-b103-175cc61t3c73,,Invoice@Projex.com,5500010175,175,Projex LLC,04c4b1c5-c833-4982-bdad-0ab9f2099c9a,2022-12-01
2022-12-01,12e5t4e3-3f97-41ba-3451-473224436fae,,Invoice@Appetite.com,5500010174,174,Appetite Inc.,81c1efac-327a-4abe-a9eb-fa0594e230f1,2022-12-01
2022-12-01,55550t7c-6b2b-4t95-33a4-10aft401002b,,Invoice@Ceptrix.com,5500010173,173,Ceptrix Inc.,1f6db5ea-9d8f-4404-ada6-27c3762134b3,2022-12-01
2022-12-01,0b46e2a1-7a53-43a6-a50b-2c27t0a6c1e4,,Invoice@XSeed.com,5500010172,172,XSeed Co.,2143f58b-9716-4562-a361-64685a8bf6d6,2022-12-01
2022-12-01,513b0fe0-e3tt-437t-3fec-7090c5e7c436,,Invoice@Inventor.com,5500010171,171,Inventor Ltd,cdc3241c-da30-4431-91ce-f377618bd20b,2022-12-01
2022-12-01,36a13et7-36ct-4t3f-b07a-176t1t636061,,Invoice@Techno.com,5500010170,170,Techno LLC,f8c0a7ac-e376-40a5-a2b6-cd93dcd17c8b,2022-12-01
2022-11-30,0630b4e6-10f4-471b-3b5c-3539114tf1t7,,Invoice@Cyberfusion.com,5500010169,169,Cyberfusion Inc.,59974f0a-6d04-4b81-bbcd-f6b59dbf12de,2022-11-30
2022-11-30,7at99ff0-15ac-4fe0-3901-41ttt3fc5bt1,,Invoice@Cloudium.com,5500010168,168,Cloudium LLC,817099dc-6097-443e-b004-c505d63f311d,2022-11-30
2022-11-30,3b72ec6a-fff7-49c7-3336-9c373e2te461,,Invoice@Cloudtech.com,5500010167,167,Cloudtech Inc.,a9741cd3-722f-40c6-b030-a2c634a5cd45,2022-11-30
2022-11-29,74f39636-e4fc-43t5-9b6b-6tae245535fb,,Invoice@Sprycast.com,5500010166,166,Sprycast LLC,62dbf2a2-6706-4f18-b85a-1484c8a1cf67,2022-11-29
2022-11-29,76c36331-e472-4ebt-91c3-t67ec35ct4cc,,Invoice@HoneX.com,5500010165,165,HoneX Ltd,ecebcdce-768f-43ef-bb10-01ca6e80fbd3,2022-11-29
2022-11-29,a00t54ef-ae92-4b03-a3fc-6e73325e3f0f,,Invoice@Mael.com,5500010164,164,Mael LLC,525d1fdd-a214-4f57-9814-e4bb1adea437,2022-11-29
2022-11-29,15aea5t3-t0t3-4237-9526-34tab6fa04at,,Invoice@Cernix.com,5500010163,163,Cernix LLC,ce06f583-2d98-4e87-b4bf-5f935e2e5f84,2022-11-29
2022-11-29,634ff2te-6373-441f-9tf0-5a7345e4cc67,,Invoice@Neotech.com,5500010162,162,Neotech Co.,9babdb86-af29-413b-bbf8-cf1045ed1fa5,2022-11-29
2022-11-28,1514e01c-1eaa-4736-aa3f-b962152aa237,,Invoice@BitMall.com,5500010161,161,BitMall Co.,bd82b390-b8d2-4b54-907e-bb827e8c1fda,2022-11-28
2022-11-28,b91b4a63-51a0-4e35-3b7t-515110ct37c5,,Invoice@NeuSeed.com,5500010160,160,NeuSeed Ltd,fcde76d6-a901-494e-9867-93fe4e8806e1,2022-11-28
2022-11-28,37t3fcc4-532b-4tff-9ba4-e0c6f4092523,,Invoice@Neuromation.com,5500010159,159,Neuromation Ltd,a3e3fea3-9925-4575-8493-d7623d887886,2022-11-28
2022-11-28,e306150e-7t7e-4302-afb6-b534ta72303e,,Invoice@Hypernova.com,5500010158,158,Hypernova Ltd,8cebe9e4-e222-4ace-9be4-2f6d96aebe8b,2022-11-28
2022-11-26,39ee3caf-9at2-46c4-ab60-t53tc3t329bc,,Invoice@Goto.com,5500010157,157,Goto LP,350e629b-1dd2-4e6a-871b-a2e410a8a056,2022-11-26
2022-11-25,9t4014a3-2c52-4f79-3b2c-4cte03fbb17a,,Invoice@Oozed.com,5500010156,156,Oozed PLC ,fa13d910-2e2c-47b2-958c-f4dd23263340,2022-11-25
2022-11-24,569610bc-6fc3-40e7-9935-54fbate4ce36,,Invoice@Sysoptek.com,5500010155,155,Sysoptek PLC ,dbf5ecaa-38b2-4e13-901b-4df4a69d2004,2022-11-24
2022-11-24,3b37fc95-at7f-44f3-9ab1-ba64322f7136,,Invoice@Code.com,5500010154,154,Code PLC ,c4a92a39-e2fb-43e0-b538-d7a0970c2de5,2022-11-24
2022-11-24,0a3et6c4-122t-4a9a-a2bf-c7b705e9e690,,Invoice@Cybervida.com,5500010153,153,Cybervida Inc.,,2022-11-24
2022-11-24,f3t11505-t746-42c3-a674-0fecaf37b6b9,,Invoice@Adevolve.com,5500010152,152,Adevolve Co.,d15eb558-b875-43bc-8b6a-81c8747240b5,2022-11-24
2022-11-23,610562ta-544e-4a0t-3b02-cc5b9b1bt5ec,,Invoice@Hozome.com,5500010151,151,Hozome Ltd,8e3cd3df-3dcb-48da-8fee-1d7e3ad4de9d,2022-11-23
2022-11-23,c1322b3f-54c0-4155-b0e3-16et09764f50,,Invoice@Voodoo.com,5500010150,150,Voodoo Labs LLC,aea9afeb-ff55-4a09-bd07-08f76a3d7d6f,2022-11-23
2022-11-23,fteb0t20-3536-4c60-974f-9b0c47fbef53,,Invoice@Tech.com,5500010149,149,Tech Nook Co.,07a08175-8b3c-459a-bed7-d722101d9902,2022-11-23
2022-11-23,bfc5bt0c-7e44-450t-9e9c-9tbe063a1259,,Invoice@Xtune.com,5500010148,148,Xtune Inc.,6c5466d9-7f1f-4f84-b223-4af97762ce36,2022-11-23
2022-11-22,454ca5ea-11t2-47ec-abae-t3423et9fa71,,Invoice@Airex.com,5500010147,147,Airex Co.,03d444e9-dc9e-41aa-81e1-18f4bb3b962b,2022-11-22
2022-11-22,acf0100t-744f-4eab-ac61-4e7fb939ff23,,Invoice@Nodemon.com,5500010146,146,Nodemon Inc.,d81b92ae-a1e5-4f21-ac59-225f9f3af92d,2022-12-01
2022-11-22,t03aee9b-1461-4155-3aeb-taataace943a,,Invoice@Locus.com,5500010145,145,Locus Co.,583e5b08-2f73-49de-92df-81ba5f0c8e51,2022-11-22
2022-11-22,33922b36-3436-4b33-9c4e-f32f3f732012,,Invoice@Mobid.com,5500010144,144,Mobid LP,4039bb21-d5c8-48ad-81a7-1f9c77878776,2022-11-22
2022-11-22,6teb1c96-e495-4e2a-a5t7-3tt136f93439,,Invoice@Cloudexcel.com,5500010143,143,Cloudexcel LP,f27ea27a-af94-4ed9-ac61-fcda5550b708,2022-11-22
2022-11-22,fa3bftc0-03ea-40b3-be9a-1bc14cf3c44f,,Invoice@Cloudy.com,5500010142,142,Cloudy Point LP,1887ede2-4f04-4aea-9feb-6c7adec97410,2022-11-22
2022-11-21,13ec4ab5-00be-4f79-a593-6e32t9a6fe7b,,Invoice@Moby.com,5500010141,141,Moby Ltd,,2022-11-21
2022-11-21,9c1t3796-e407-4ea0-3356-ff73659c13ca,,Invoice@CloudGrowth.com,5500010140,140,CloudGrowth Ltd,cddaf4e3-d51c-48ce-b97f-34dbb9e9e58e,2022-11-21
2022-11-21,37tc02c4-t507-46t6-ae63-14t337691c31,,Invoice@Mobius.com,5500010139,139,Mobius Technologies Inc.,,2022-11-21
2022-11-21,fe516f44-f9bt-4ce2-a3bb-e64faf6ba933,,Invoice@Trasquidtech.com,5500010138,138,Trasquidtech Co.,9b7870e2-41b7-4e31-9f68-1dd6dc82a7a0,2022-11-21
2022-11-21,c9bc5c3c-bc41-4a55-35b9-fff49c23e146,,Invoice@Cloud.com,5500010137,137,Cloud Technology LP,4e7c1a94-a9db-41b7-ad7f-5703d21d8f22,2022-11-24
2022-11-20,444te092-5b5t-46ba-bb19-306ae3601ata,,Invoice@Duxo.com,5500010136,136,Duxo LLC,,2022-11-20
2022-11-19,215334t3-t24b-4ea7-a0f1-93e492145793,,Invoice@DigiCode.com,5500010135,135,DigiCode Inc.,efa4bb16-b20b-45bc-a6bc-eaf4adc86709,2022-11-19
2022-11-18,a042e33b-c5a2-471a-9002-2650be3t19c7,,Invoice@Eurexec.com,5500010134,134,Eurexec LP,cad6fb7e-85e2-4d3f-a84f-e3c78e5cf4ef,2022-11-18
2022-11-18,797773ee-133a-4340-bc37-t3e3ca39665a,,Invoice@Emsplo.com,5500010133,133,Emsplo Inc.,8e051c3b-dc5d-445f-9d17-d9343511f220,2022-11-18
2022-11-17,73c030fe-9fef-427f-96a7-0ce910ecc2ee,,Invoice@Squeeky.com,5500010132,132,Squeeky Ltd,8debac02-11ea-413c-b6ce-7ff941f53408,2022-11-17
2022-11-17,339f390c-t224-4a67-93f6-ec520f31435f,,Invoice@Zora.com,5500010131,131,Zora Inc.,64e35f58-65fd-4cf7-8683-6825be1e6b43,2022-11-17
2022-11-16,f51c3913-5933-4b65-3a22-c3ccte4t73e9,,Invoice@ExaTech.com,5500010130,130,ExaTech Ltd,15a9cf9c-81a1-406e-a721-b731caa3e72a,2022-11-16
2022-11-16,cff07f37-9333-49b9-bt4a-1334f39175c6,,Invoice@Hypertech.com,5500010129,129,Hypertech Co.,e01d413e-5a31-449e-837d-f51efd5efc76,2022-11-16
2022-11-16,be267fec-b1c1-4cc1-3b3a-0afb76316197,,Invoice@Nocode.com,5500010128,128,Nocode PLC ,e87fcff6-a1a8-4392-ae02-60f7b7281128,2022-11-16
2022-11-16,1554cfcf-700f-45ba-9bb7-64ft0ff1390c,,Invoice@Enercica.com,5500010127,127,Enercica Inc.,2e2f35ac-4e67-4a96-a07a-ddd2e80f5fa4,2022-11-16
2022-11-16,9e2ft199-tf5e-4c90-3f59-513tc4atc72f,,Invoice@EvoLabs.com,5500010126,126,EvoLabs Co.,965ffe7e-bf96-4195-a66c-a3ba09f79c0a,2022-11-16
2022-11-16,c3a310t6-6a94-490c-951e-92ft66a565f5,,Invoice@KodeTech.com,5500010125,125,KodeTech LLC,de565121-8674-46dc-9478-9b977c8f7382,2022-11-16
2022-11-16,9e4443be-c49f-4c4e-9fe1-3etab09et0af,,Invoice@Efficient.com,5500010124,124,Efficient Tech LLC,4a548a10-d5dc-4201-b571-86b2db47b46b,2022-11-16
2022-11-15,2at31ff0-31b0-457b-btt7-9513f1441t22,,Invoice@Gaff.com,5500010123,123,Gaff PLC ,29c49199-a342-4dae-a4b0-f53d03a3227f,2022-11-15
2022-11-15,e3f49403-c4ef-4b94-a019-75a6ec7ata50,,Invoice@Technostechnica.com,5500010122,122,Technostechnica LP,99f076b6-23d0-49fe-b019-3a9a0e35b4bd,2022-11-15
2022-11-15,10c0t04c-e022-461t-9009-6791bf913b15,,Invoice@Eonit.com,5500010121,121,Eonit Co.,d586b7aa-336c-49db-ad3e-b85976b13a34,2022-11-15
2022-11-15,16956b9e-f55t-4ecb-9694-2b330a114665,,Invoice@Lazy.com,5500010120,120,Lazy Co.,dea31fd9-19e2-48a5-bf3d-1147dc738f96,2022-11-15
2022-11-15,bfe43e5f-btec-4b27-9663-aa3bf335e275,,Invoice@Phreak.com,5500010119,119,Phreak Co.,82fc2efa-fa98-43d9-a0e6-a5941cdb564c,2022-11-15
2022-11-15,t74ab4f5-5c65-4e9t-931b-6f35694ca3ab,,Invoice@Synthpulse.com,5500010118,118,Synthpulse LP,e8e2849f-45c3-425b-a48f-d58cd57a8c15,2022-11-15
2022-11-15,5tb94054-ee9a-43f4-9e3f-f33ec2e16359,,Invoice@Nodeside.com,5500010117,117,Nodeside Co.,0f22d947-5017-4078-bb25-01d5e3adef05,2022-11-15
2022-11-14,3f0a5b2f-9e20-49a2-bee7-b93021fce7f7,,Invoice@Inchworm.com,5500010116,116,Inchworm Ltd,0a3cb731-1e6a-4302-89e7-6007ee71e8d9,2022-11-15
2022-11-14,0a3247fa-t569-4f3f-939e-30t9bbtceb3t,,Invoice@NeXeo.com,5500010115,115,NeXeo LLC,f2a6bac7-950b-4b9c-b3ff-2344991b4572,2022-11-14
2022-11-14,c0c6f43f-2324-4353-bff2-7096cf37t2tf,,Invoice@Evolz.com,5500010114,114,Evolz Co.,580fa2ee-5d1d-4058-bc88-d5477b697819,2022-11-14
2022-11-14,2f23bat1-6ff6-4996-a445-03f005674ae9,,Invoice@Proximo.com,5500010113,113,Proximo Co.,54a80ab6-4a5b-433d-b23c-73a1beacbbea,2022-11-14
2022-11-14,e1efbaet-95c4-4a9t-97ec-106030f7ba2e,,Invoice@Dazzle.com,5500010112,112,Dazzle Inc.,2a6198dd-43fd-46e6-82f1-759319dcc2c5,2022-11-14
2022-11-14,et3e93a7-37c0-445e-3f66-fft7bc4fcbtb,,Invoice@Neeky.com,5500010111,111,Neeky Co.,01de49ac-6f87-426a-9774-9dd5b2d555c8,2022-11-14
2022-11-14,90c6fb15-tf77-4333-36bc-7b6t1206t2t9,,Invoice@TechBev.com,5500010110,110,TechBev PLC ,2fab43ec-80b5-4260-9694-a6b7be7c6cb3,2022-11-14
2022-11-13,0974e379-ee52-404f-9534-b011t6cc35c6,,Invoice@Sisquare.com,5500010109,109,Sisquare LLC,7a3d67f3-5a9e-4924-a053-ed89a508289b,2022-11-13
2022-11-11,0ba7t9c9-bee1-47a3-3ta2-4a1670c0021t,,Invoice@Riveter.com,5500010108,108,Riveter LP,f7eb24b3-a7a6-4eed-a5a1-4b1a5b7fceda,2022-11-11
2022-11-11,622ttf91-5f93-45b6-a39e-ca5363e3t961,,Invoice@Exoply.com,5500010107,107,Exoply Inc.,952506e0-e93c-4888-b70e-a78f5d436520,2022-12-01
2022-11-11,bb593043-9b31-4103-365t-9e123ea15305,,Invoice@CyberTech.com,5500010106,106,CyberTech LLC,b6e14a4e-5d30-4ad3-ba0e-8e7f8377c4a9,2022-11-11
2022-11-10,ac6f7420-1523-49ta-b263-535e6ce75ct2,,Invoice@Cipherscape.com,5500010105,105,Cipherscape LP,8fea5fe4-667f-463f-9e5d-f592ebac5b96,2022-11-21
2022-11-10,63fb0cf1-c9e1-46e0-afe3-eet02b6e737a,,Invoice@Blaize.com,5500010104,104,Blaize Inc.,21cba7db-0c52-4461-900e-38d9c3e9dd2d,2022-11-10
2022-11-10,25326e5b-b5t0-4bb6-3t7t-e5e2ffaebc4b,,Invoice@Hype.com,5500010103,103,Hype LP,0be73867-36c1-419c-8932-94bee978c790,2022-11-10
2022-11-10,11cf4465-7tt5-4c70-3ab3-e0t67e36ae66,,Invoice@Neotenet.com,5500010102,102,Neotenet Co.,b4e1a7a0-8c26-4921-8307-1affb7087f8b,2022-11-10
2022-11-10,0c29133c-ee3f-473b-a395-c3a0e6c50354,,Invoice@Blabtech.com,5500010101,101,Blabtech LLC,bee182a8-0cb9-4d5d-9163-bf637ad14792,2022-11-10
2022-11-10,04ba1360-34b7-4f63-311b-3eb1ba0t52e3,,Invoice@Makers.com,5500010100,100,Makers Edge Inc.,950eee11-4cab-4a1d-b1f2-4d2ca3ce7cc9,2022-11-10
2022-11-08,aab3c21b-164f-4ca5-3592-tf4bc3f09tcc,,Invoice@Neovind.com,5500010099,99,Neovind PLC ,20597bbc-6ec7-4853-8669-840e4a66dc8f,2022-11-08
2022-11-08,132e09tb-4b1b-4ebc-3050-5tf26739f676,,Invoice@Cinzana.com,5500010098,98,Cinzana Ltd,543fd3d7-4658-43c3-8b67-ea5ff7e549bb,2022-11-08
2022-11-07,3757ea75-300e-4a99-913e-617f7f54t3b5,,Invoice@Ceejex.com,5500010097,97,Ceejex PLC ,672f7539-586e-4a02-a854-2c0921fcd743,2022-11-07
2022-11-07,614t1b74-5576-433c-a009-31e739a35f0b,,Invoice@Loom.com,5500010096,96,Loom Tech LLC,7bacf78f-bd16-4d43-9833-f85859406c31,2022-11-07
2022-11-07,ba967cf3-6762-4t77-aebb-7907a604ac26,,Invoice@Cramble.com,5500010095,95,Cramble LLC,258ae63b-89fa-4f83-b854-6190649e4d03,2022-11-22
2022-11-04,c4bact44-f6ab-4761-3f39-0t75a4e7176c,,Invoice@Phytea.com,5500010094,94,Phytea LP,aeed130d-a448-4aef-a31a-bfe8f19a0207,2022-11-28
2022-11-04,15f1034f-7e39-4eet-b04b-0abceec4eb4t,,Invoice@Cybertech.com,5500010093,93,Cybertech LP,0b706442-aebc-4c27-8387-91699c027d62,2022-11-04
2022-11-04,2ef3b7f0-03ct-41f4-96c9-3at3e24310f0,,Invoice@Advantech.com,5500010092,92,Advantech LP,,2022-11-04
2022-11-04,e7f0t575-a53f-43t2-9019-79cbfc59ttf3,,Invoice@Synapse.com,5500010091,91,Synapse LLC,49c39927-c07f-4d65-9f1a-fee1a1d8da2b,2022-11-04
2022-11-03,121b4a5f-fe49-413f-33f4-14a3cc3f6333,,Invoice@Arqiv.com,5500010090,90,Arqiv LP,3199bfb8-5a6e-49a2-91c2-5763d08cb012,2022-11-03
2022-11-03,6f1eeaab-tae9-4061-b790-6c50b0733c96,,Invoice@Airmit.com,5500010089,89,Airmit LP,c158cf04-eb25-4553-8a68-1fb57ac63e7c,2022-11-03
2022-11-03,et7a5163-7fa9-45ec-32t0-2fb39bc39395,,Invoice@Foresight.com,5500010088,88,Foresight Network Ltd,bd9d82d0-d04b-4cf4-9e5b-c95ffd2c9879,2022-11-03
2022-11-02,33a774e7-a327-44bb-9730-7acf93762f5e,,Invoice@Numerix.com,5500010087,87,Numerix Techno Co.,33885899-2b49-4aa7-b25b-1b587c9dfe05,2022-11-02
2022-11-02,b469bt62-045c-4c63-3431-13996tcb966e,,Invoice@Codex.com,5500010086,86,Codex Ltd,ebd55460-fa14-4324-a687-6c73046d1dcd,2022-11-02
2022-11-02,5f4fe5c3-3t35-4b1e-b2cb-c361aa93c43b,,Invoice@Bluelight.com,5500010085,85,Bluelight Inc.,012a52aa-b9da-4d54-b8b6-60826b587d49,2022-11-02
2022-11-02,639e91b3-2t35-4t06-3a26-a356374393t1,,Invoice@CloudTech.com,5500010084,84,CloudTech Inc.,,2022-11-02
2022-11-02,tc9t2370-635t-4ba9-a169-a3ef5737f93f,,Invoice@Pins.com,5500010083,83,Pins LLC,f9c946b3-52f6-4990-99a1-968338684363,2022-11-02
2022-11-02,ca392310-03ta-4bet-3t43-99t3eat1e3cc,,Invoice@SmartManiac.com,5500010082,82,SmartManiac Ltd,73af873c-10cf-4642-9be1-0ba5504cb11c,2022-11-02
2022-11-01,31444a9a-1bbb-4023-32b1-c92a9653t3tc,,Invoice@Apta.com,5500010081,81,Apta Co.,32022701-b3af-41e7-9198-d6e759e3ac89,2022-11-01
2022-11-01,30c42030-cf9f-4766-3257-3t4033332teb,,Invoice@Rivets.com,5500010080,80,Rivets LLC,cb726de2-c8fd-4ecc-8999-4176db753902,2022-11-01
2022-11-01,0t37t3f5-9b16-4650-9c3b-362c23te32ab,,Invoice@Axee.com,5500010079,79,Axee PLC ,,2022-11-01
2022-11-01,327e46ct-36ab-4612-a04f-ba322c2ae253,,Invoice@Mobocool.com,5500010078,78,Mobocool LP,d9243aa7-c08b-446a-9770-2b0b172f30e7,2022-11-01
2022-11-01,6096a337-2e65-4fae-9bb6-6502794c0t3c,,Invoice@Wistow.com,5500010077,77,Wistow Ltd,48514d76-5815-4fa8-be03-0069db57396e,2022-11-01
2022-11-01,24766311-53a3-4a69-a490-et0b33364tbb,,Invoice@Pouz.com,5500010076,76,Pouz Co.,31eb7fb5-a91b-4253-8e3f-47312af22f12,2022-11-01
2022-11-01,70fc2e73-eb75-4t1b-a0e3-cbe9f2b53120,,Invoice@Ozone.com,5500010075,75,Ozone Labs LLC,,2022-11-01
2022-11-01,3cct3119-6336-4eaa-3e3e-9353665aaa94,,Invoice@Blotch.com,5500010074,74,Blotch PLC ,,2022-11-01
2022-11-01,cb03bc19-2tta-49b3-b355-a0907c2116a1,,Invoice@Proactive.com,5500010073,73,Proactive LLC,,2022-11-01
2022-11-01,1331e337-9c37-4ee5-352f-c1e954bb27b3,,Invoice@Roknest.com,5500010072,72,Roknest LP,5dc57881-6022-4082-a846-c2b52b33a2e6,2022-11-01
2022-10-31,3e6f6eab-6e1a-41cb-94a6-60961356fea1,,Invoice@Coding.com,5500010071,71,Coding Culture Ltd,,2022-10-31
2022-10-31,1512ct9a-7bb6-4e65-9ea6-t2425cee1549,,Invoice@Cloudzio.com,5500010070,70,Cloudzio LLC,,2022-10-31
2022-10-31,1032t405-7taa-4ff5-a4ea-3433ct36cf9c,,Invoice@Ollie.com,5500010069,69,Ollie PLC ,9f3ec434-d469-414e-b508-21a3512b4233,2022-10-31
2022-10-30,34ef11e4-b39b-4531-a11f-1ef731t5b0b3,,Invoice@Bizify.com,5500010068,68,Bizify Ltd,26420ce1-b01f-42d3-8c2a-3b8c1eec771b,2022-10-30
2022-10-30,fac32313-tbe5-4bf6-a503-2t93e63ab406,,Invoice@IcyTech.com,5500010067,67,IcyTech LLC,ec0098fd-8a11-44f7-a83f-3aa0e174a0e0,2022-10-30
2022-10-29,077660t1-39ec-46b5-3e19-e35btc72b13t,,Invoice@Hypertech.com,5500010066,66,Hypertech Inc.,596ec498-e8f3-4409-b71c-b6088be63ccb,2022-10-29
2022-10-29,a6313b36-e767-4307-303t-a71624a6e074,,Invoice@Xotia.com,5500010065,65,Xotia LP,7fde40d5-7411-494c-a659-6ca088ee2c0b,2022-10-29
2022-10-28,ae3tt0f5-cat7-4535-a269-c9tf99afb5tf,,Invoice@CodeVibes.com,5500010064,64,CodeVibes LLC,e6eb7ac6-5e70-4c65-acd0-7be11bfc86ee,2022-10-28
2022-10-28,103b4414-3629-40e3-b06c-53c4ftb3tf36,,Invoice@Serenity.com,5500010063,63,Serenity Innovations LLC,f6c9b112-e28a-4497-b91d-755247acb2b7,2022-10-28
2022-10-28,39a3031t-fatc-4039-a5ac-3ec7790f4454,,Invoice@Siroo.com,5500010062,62,Siroo Inc.,979f7465-3d3a-4dac-b452-7ddf353a62d0,2022-10-28
2022-10-28,cff3520f-5332-40t5-34e3-69e99t7ca256,,Invoice@Digitum.com,5500010061,61,Digitum Co.,78b37962-29d1-40af-9bd8-55f7324a1ede,2022-10-28
2022-10-28,a25fa64a-b06a-4255-303t-ct4936aa3347,,Invoice@Kritic.com,5500010060,60,Kritic PLC ,df246991-902b-4586-a407-d33244fb9f9b,2022-10-28
2022-10-28,960454c1-2ca6-41aa-3e63-fcbb7cfa9ec3,,Invoice@Ateek.com,5500010059,59,Ateek LLC,e3d88610-d6fd-4874-8dda-3348f4cd9566,2022-10-28
2022-10-28,333c2a42-7ctf-4t3c-967b-36cf3e4bc6ea,,Invoice@Techflux.com,5500010058,58,Techflux Inc.,72cd689f-3d4e-45ea-b8b1-0489bec79ea5,2022-10-28
2022-10-28,e76aa3a6-a403-4e43-b209-9e37b63a4216,,Invoice@Evolve.com,5500010057,57,Evolve PLC ,fde793ff-8b70-4cf1-b231-e36e75cda125,2022-10-28
2022-10-28,39a5b057-0462-424e-b6cc-f9t37c4115e0,,Invoice@Prowl.com,5500010056,56,Prowl Inc.,d6045d5d-d13e-4e25-b4e9-9df0d52935d3,2022-10-28
2022-10-28,0t3419f4-b36t-4t3e-9533-3b4963ac6ttb,,Invoice@Codicast.com,5500010055,55,Codicast Ltd,bb828c66-6212-44b4-a7c0-1f2fd89dc2cc,2022-10-28
2022-10-28,939c95c9-b2a1-4c0f-9bf5-f4519a124795,,Invoice@Codenode.com,5500010054,54,Codenode Co.,7b7f0c10-fbfe-4f2a-9385-671db14f48f3,2022-10-28
2022-10-27,tbf42cb7-e693-44fa-973t-367493324795,,Invoice@Wunder.com,5500010053,53,Wunder Ltd,1a0970f8-93ad-474c-a922-92f66cc928c1,2022-10-27
2022-10-27,03a7ta62-caa2-4550-b5c2-3c9tc5t1b1c9,,Invoice@Codelyte.com,5500010052,52,Codelyte Ltd,5223ea6e-2c84-4aef-b101-227e83c33742,2022-10-27
2022-10-27,taf0a512-56a9-4214-9t4a-9ea5c6c0f330,,Invoice@Cyve.com,5500010051,51,Cyve Co.,a11678c7-daf9-4f54-a5a6-27b6f4ac7b76,2022-10-27
2022-10-26,a6927255-t9a3-433a-3579-bc59f31139e4,,Invoice@DigiVista.com,5500010050,50,DigiVista Ltd,bdffab00-1243-4db3-ac3f-6c7b82ab2a56,2022-10-26
2022-10-26,f5b1bea3-952t-43bb-9010-et36c44ac099,,Invoice@Fintech.com,5500010049,49,Fintech Inc.,f797735a-176c-4f4d-a1b8-670f567493e7,2022-10-26
2022-10-25,9bb4fe52-2t0c-4623-92t3-a4949c13fb32,,Invoice@Synapse.com,5500010048,48,Synapse LP,2c01e1b4-eca0-44ba-89e2-ea9d6866d6eb,2022-10-25
2022-10-25,ea10112a-3033-4106-39t3-tb747e3c5t3b,,Invoice@Modo.com,5500010047,47,Modo Ltd,c6d94c11-330a-4efd-bf62-ce572c6fc39b,2022-10-25
2022-10-25,6a90b4f3-75f3-4cb7-9t94-f01fb4a773e1,,Invoice@Cyberbros.com,5500010046,46,Cyberbros PLC ,b91b29d7-1b32-4197-b45b-da1ccd5c9ba9,2022-10-25
2022-10-25,tab02bb6-5243-4164-97c6-96e9b3065f0f,,Invoice@Exzore.com,5500010045,45,Exzore PLC ,1bc24bf0-3144-4129-9ab0-d051ef420321,2022-11-01
2022-10-24,29t29347-e6c5-41t9-3eb6-f7aa5297f335,,Invoice@Zentopia.com,5500010044,44,Zentopia LP,9bd7ba4e-2ee2-47bc-8e5e-5e238b1d348e,2022-10-24
2022-10-24,4023b334-3t15-475f-a03b-66f52e376a34,,Invoice@Adeptal.com,5500010043,43,Adeptal LLC,3e6e07b5-d090-4fb0-9f74-1d9a62dec61d,2022-10-24
2022-10-24,0e440t5b-cbe7-4c3f-b952-4b716c3166f7,,Invoice@Arpium.com,5500010042,42,Arpium Co.,7faec980-43cf-4f76-86b5-bbbcb0992120,2022-10-24
2022-10-24,9c3cftb0-0607-4303-aa63-f134ceca45t1,,Invoice@SmartFold.com,5500010041,41,SmartFold PLC ,c639511a-f8f4-4b4e-8473-ad214d70b517,2022-10-24
2022-10-24,67363f6b-0abt-4b31-92et-92fa1933f004,,Invoice@Appxil.com,5500010040,40,Appxil LLC,fdcf3e47-e512-40b5-85b7-484bed340e5d,2022-12-01
2022-10-24,39aa7109-cea7-4e33-3bbe-fa137367b32f,,Invoice@Zynology.com,5500010039,39,Zynology Inc.,fc8af377-31ed-4b42-a339-1fa3218d387f,2022-10-24
2022-10-23,7206tb6t-0e6t-4bb3-3ffa-ba3fc3f440fc,,Invoice@Tensor.com,5500010038,38,Tensor Ltd,57874204-a267-441f-bfe3-5c68d30e04ea,2022-10-23
2022-10-23,23b3e771-3a56-4413-aat9-39333t9064ea,,Invoice@Laptop.com,5500010037,37,Laptop LLC,aebf352d-b68d-4249-b991-8c6430c46e51,2022-10-23
2022-10-23,ea1934bf-tt3c-4et0-3c07-9e1a790bf661,,Invoice@Provero.com,5500010036,36,Provero LP,a31515b8-76e7-4392-9700-bac4ec2228f8,2022-10-23
2022-10-23,40e34652-b2e7-4f05-b074-t0a6b39f43t0,,Invoice@Lazer.com,5500010035,35,Lazer LP,ed6aacec-a6a9-456d-b709-043a8d9ff9da,2022-10-23
2022-10-22,5t5fe6fe-924a-4274-3660-3ea31bcbcb2e,,Invoice@O.com,5500010034,34,O Tech Co.,7af5a619-42be-4f1e-a376-8f69c628b380,2022-10-22
2022-10-21,6f02b2t6-0903-4364-3e50-t3c0t55c6c6t,,Invoice@Appuza.com,5500010033,33,Appuza LLC,0739a143-4707-4c34-8d39-e4b303ad3fb4,2022-10-24
2022-10-20,e15f300e-539e-4b10-bcae-b3e0c7300tbt,,Invoice@Spryn.com,5500010032,32,Spryn PLC ,7497b46e-2855-48eb-b49a-1d1b920bece3,2022-10-20
2022-10-20,2t5b9f39-236t-40t3-a35a-03tb93313fe6,,Invoice@Lighthouse.com,5500010031,31,Lighthouse LLC,85dd9724-8fbf-49f9-9e22-a5308938f94e,2022-10-20
2022-10-20,7339b7bc-0241-4399-b3f6-4c6ee5e36997,,Invoice@Evolvetech.com,5500010030,30,Evolvetech Co.,d4a2b191-324b-461d-afc7-0de5e6548efe,2022-10-20
2022-10-19,5eat240c-b754-4500-9c35-39670ae7c19f,,Invoice@Propeller.com,5500010029,29,Propeller Ltd,07a2c118-de3a-441c-84ad-4c4b78d29c03,2022-10-19
2022-10-19,5a4fe47b-91tb-4aa5-3e7a-t4304a1073e4,,Invoice@Bit.com,5500010028,28,Bit Tech Co.,c491f34b-1384-4ca0-8055-95e4a7528d02,2022-10-19
2022-10-19,bcta17b9-34e3-43b3-b273-t7003702t445,,Invoice@Bitcode.com,5500010027,27,Bitcode LLC,57ee69db-0014-466c-a908-5323f5aecb7d,2022-10-19
2022-10-18,fbab4994-ce24-431a-9a1e-7639b97226tb,,Invoice@Hyperion.com,5500010026,26,Hyperion LP,711ea117-8101-459b-b9e7-c01629751baa,2022-10-18
2022-10-18,006e9a1f-03a7-4362-aee0-52594t1e72f2,,Invoice@Cloud.com,5500010025,25,Cloud Connect Inc.,5c42815b-9d8c-48e7-aed6-4dd92ccfe5ae,2022-10-18
2022-10-17,260050f5-9935-4976-ab51-t3eetb4a92ec,,Invoice@Digitall.com,5500010024,24,Digitall Inc.,0486b7ac-527a-4de6-b50d-5a2f40c1ba5d,2022-10-17
2022-10-17,1fa9fa30-53a5-4e31-309b-e59403fa3et1,,Invoice@Olya.com,5500010023,23,Olya Co.,b7d4d308-dfc1-4f2f-b0d7-eabd0d3afb21,2022-10-17
2022-10-17,1044b3ba-3e30-4e6t-965c-9f2b13230t0a,,Invoice@Blyt.com,5500010022,22,Blyt Ltd,e09e49f9-0f75-4bf5-9d10-10e0999d4068,2022-10-17
2022-10-17,a19790a7-076e-410c-3b94-f0f194332169,,Invoice@Woben.com,5500010021,21,Woben Ltd,9f41b901-0f77-4815-8d31-c2ee1c943aa5,2022-10-17
2022-10-15,75t1c76e-42ct-46e2-b60e-7e3453f1cab3,,Invoice@Fidrive.com,5500010020,20,Fidrive Ltd,05a01333-ab31-4948-9920-b37110b9da57,2022-10-15
2022-10-15,3143c63e-1a44-492e-9c6e-91tt49297c1f,,Invoice@Codie.com,5500010019,19,Codie Co.,f044efbb-0bcc-4ea3-a858-15eb491898a1,2022-10-15
2022-10-14,2e322430-9bc4-40c7-359b-c0fb20131e3b,,Invoice@Adon.com,5500010018,18,Adon PLC ,c64e4479-5b17-4cf5-a22c-dd0768823300,2022-10-14
2022-10-13,ta75t664-35f4-43ec-9450-bb2e1t5t1t14,,Invoice@Exuberant.com,5500010017,17,Exuberant PLC ,b846499d-a6b2-4304-b2b8-31bfe664fb6e,2022-10-13
2022-10-12,16eceaca-09fc-4bt7-a0ce-ff9fbb2c0c22,,Invoice@Modular.com,5500010016,16,Modular Co.,9c9b9e00-4ee1-444c-a122-2f27dc79a5e4,2022-10-12
2022-10-12,e36217b1-5322-4313-b761-197teab93cb9,,Invoice@Mavity.com,5500010015,15,Mavity Co.,a49ac2c5-0081-432f-91ff-5f10d8cf2472,2022-10-12
2022-10-12,57123abe-41t3-446f-395t-6f34539fff7e,,Invoice@Avante.com,5500010014,14,Avante LLC,5d0cc22e-87e3-41cc-9362-4292f6a9346d,2022-10-12
2022-10-12,1f375acb-eaf4-4ce7-bt13-6a27a477f363,,Invoice@SillyTech.com,5500010013,13,SillyTech Inc.,4cf6e69c-3857-49b9-9abb-397a97fc6194,2022-10-12
2022-10-12,5c130ce3-9abe-42t2-b231-b10a351e3723,,Invoice@Cloud.com,5500010012,12,Cloud Logic LP,efcc0814-b8cb-48cc-9918-93762ddc0476,2022-10-12
2022-10-11,1233t231-2aee-43f3-be1b-a904c053b661,,Invoice@Haptal.com,5500010011,11,Haptal PLC ,0d634e3e-28d8-4bcf-959e-7819c2a4d78f,2022-10-11
2022-10-10,b300aa27-651e-4919-b46c-afb9c7fab34b,,Invoice@Modad.com,5500010010,10,Modad LLC,90d87956-036d-44e2-8ba3-b4032767b68b,2022-10-10
2022-10-10,3aa41b9t-b1c7-4f02-93f0-544c47fe9412,,Invoice@Phabile.com,5500010009,9,Phabile Inc.,fe5b68cc-eff9-4fb2-bc74-bc9046da1cc7,2022-10-10
2022-10-09,e26fe437-5964-49f1-a3c6-tc74ee00te4b,,Invoice@Waver.com,5500010008,8,Waver Inc.,ed890f1b-6d0c-4bc8-b7f8-272172209e28,2022-10-09
2022-10-09,96c67c09-6cae-4fa2-3t11-226e3f7e0366,,Invoice@Nokte.com,5500010007,7,Nokte Ltd,5e3fdc37-5ad4-46fa-a6b2-bf000bbe38d2,2022-10-09
2022-10-09,t679aea4-c4e6-4bbt-3a30-04cf3bfae364,,Invoice@Nokta.com,5500010006,6,Nokta LLC,6d2a1b9a-e326-49e6-a910-a584abc484b5,2022-10-09
2022-10-08,03e7b030-2tbf-4364-a394-3c3eeefb3075,,Invoice@EconiGo.com,5500010005,5,EconiGo PLC ,b7be4877-b2d8-4d74-bb1d-3feddea343f6,2022-10-08
2022-10-07,e4ae7t19-f0te-41t2-97eb-09f5fe14a260,,Invoice@SysTech.com,5500010004,4,SysTech Ltd,,2022-10-07
2022-10-07,t6be6316-3f61-4143-90e4-tea732a34365,,Invoice@Exlusive.com,5500010003,3,Exlusive Co.,16cf40b5-e836-44dd-986b-16ca07e73ddd,2022-10-07
2022-10-07,3ea79e35-f112-4f3c-93c3-71c143c4730t,,Invoice@Bodely.com,5500010002,2,Bodely Co.,,2022-10-07
2022-10-06,1037cet1-7c3a-4773-93f3-bb5b3f435e1c,,Invoice@Bitwise.com,5500010001,1,Bitwise LLC,a44d9e27-260e-45e3-901e-96286d956d41,2022-10-06
