subscription_id,month,sales_amount,cost_amount,profit
0066eba3-et5t-46c3-3t2e-3e69c5216173,2022-09,58.0,53.97184,4.02816
0066eba3-et5t-46c3-3t2e-3e69c5216173,2022-10,29.0,74.2512,-45.2512
0066eba3-et5t-46c3-3t2e-3e69c5216173,2022-11,58.0,54.77024,3.229759999999999
0066eba3-et5t-46c3-3t2e-3e69c5216173,2022-12,29.0,90.85792,-61.85791999999999
0066eba3-et5t-46c3-3t2e-3e69c5216173,2023-01,29.0,0.0,29.0
02323929-4c3a-4b42-9et0-333fbaeec26e,2022-09,29.0,39.28128,-10.281280000000002
02323929-4c3a-4b42-9et0-333fbaeec26e,2022-10,29.0,52.37504,-23.37504
02323929-4c3a-4b42-9et0-333fbaeec26e,2022-11,29.0,69.62048,-40.62048
02323929-4c3a-4b42-9et0-333fbaeec26e,2022-12,29.0,36.40704,-7.407040000000002
02323929-4c3a-4b42-9et0-333fbaeec26e,2023-01,29.0,0.0,29.0
0366b1e3-fc43-479e-b9ce-333t3tf949b9,2022-09,29.0,42.95392,-13.953919999999997
0366b1e3-fc43-479e-b9ce-333t3tf949b9,2022-10,29.0,47.1056,-18.105600000000003
0366b1e3-fc43-479e-b9ce-333t3tf949b9,2022-11,29.0,59.0816,-30.0816
0366b1e3-fc43-479e-b9ce-333t3tf949b9,2022-12,29.0,81.59648,-52.59648
0366b1e3-fc43-479e-b9ce-333t3tf949b9,2023-01,29.0,0.0,29.0
04433e56-e223-41c5-965e-7515eate1ce7,2022-09,85.52,55.142,30.377999999999993
04433e56-e223-41c5-965e-7515eate1ce7,2022-10,77.56,108.888,-31.328000000000003
04433e56-e223-41c5-965e-7515eate1ce7,2022-11,72.54,151.466,-78.926
04433e56-e223-41c5-965e-7515eate1ce7,2022-12,73.72,161.238,-87.518
04433e56-e223-41c5-965e-7515eate1ce7,2023-01,69.0,0.0,69.0
0693977f-3943-465f-b3b9-3b0c7f6c3e21,2022-09,236.73,79.572,157.158
0693977f-3943-465f-b3b9-3b0c7f6c3e21,2022-10,229.0,63.169,165.83100000000002
0693977f-3943-465f-b3b9-3b0c7f6c3e21,2022-11,229.0,135.063,93.93700000000001
0693977f-3943-465f-b3b9-3b0c7f6c3e21,2022-12,229.0,74.337,154.663
0693977f-3943-465f-b3b9-3b0c7f6c3e21,2023-01,229.0,0.0,229.0
070ca447-t336-4cc7-a551-f20ce2799944,2022-09,29.0,83.51264,-54.512640000000005
070ca447-t336-4cc7-a551-f20ce2799944,2022-10,29.0,79.99968,-50.99968
070ca447-t336-4cc7-a551-f20ce2799944,2022-11,29.0,33.85216,-4.852159999999998
070ca447-t336-4cc7-a551-f20ce2799944,2022-12,29.0,57.64448,-28.64448
070ca447-t336-4cc7-a551-f20ce2799944,2023-01,29.0,0.0,29.0
09tefb30-7cca-403t-a4e9-ebbcea913b40,2022-09,379.0,120.754,258.246
09tefb30-7cca-403t-a4e9-ebbcea913b40,2022-10,384.97,122.848,262.122
09tefb30-7cca-403t-a4e9-ebbcea913b40,2022-11,406.27,129.13,277.14
09tefb30-7cca-403t-a4e9-ebbcea913b40,2022-12,379.0,64.565,314.435
09tefb30-7cca-403t-a4e9-ebbcea913b40,2023-01,379.0,0.0,379.0
0b233f41-6t2c-4a09-a543-afa630536f0e,2022-09,29.0,38.3232,-9.3232
0b233f41-6t2c-4a09-a543-afa630536f0e,2022-10,29.0,93.4128,-64.4128
0b233f41-6t2c-4a09-a543-afa630536f0e,2022-11,29.0,94.84992,-65.84992
0b233f41-6t2c-4a09-a543-afa630536f0e,2022-12,29.0,31.936,-2.936
0b233f41-6t2c-4a09-a543-afa630536f0e,2023-01,29.0,0.0,29.0
0e373143-5ttb-431b-ac5t-1c60t2b9c395,2022-09,29.0,95.0096,-66.0096
0e373143-5ttb-431b-ac5t-1c60t2b9c395,2022-10,29.0,39.28128,-10.281280000000002
0e373143-5ttb-431b-ac5t-1c60t2b9c395,2022-11,29.0,33.05376,-4.053759999999997
0e373143-5ttb-431b-ac5t-1c60t2b9c395,2022-12,29.0,43.912,-14.911999999999999
0e373143-5ttb-431b-ac5t-1c60t2b9c395,2023-01,29.0,0.0,29.0
0e3t0efb-6b00-46tf-3t33-3933c3e33333,2022-09,299.0,165.775,133.225
0e3t0efb-6b00-46tf-3t33-3933c3e33333,2022-10,299.0,38.39,260.61
0e3t0efb-6b00-46tf-3t33-3933c3e33333,2022-11,302.16,139.251,162.90900000000002
0e3t0efb-6b00-46tf-3t33-3933c3e33333,2022-12,304.34,47.115,257.22499999999997
0e3t0efb-6b00-46tf-3t33-3933c3e33333,2023-01,299.0,0.0,299.0
0t14b460-9c5t-434a-9649-5efcc363tefc,2022-09,229.0,50.256,178.744
0t14b460-9c5t-434a-9649-5efcc363tefc,2022-10,229.0,56.538,172.462
0t14b460-9c5t-434a-9649-5efcc363tefc,2022-11,229.0,60.028,168.972
0t14b460-9c5t-434a-9649-5efcc363tefc,2022-12,229.0,152.862,76.138
0t14b460-9c5t-434a-9649-5efcc363tefc,2023-01,229.0,0.0,229.0
0t33a602-395e-4535-b13t-23726171b45c,2022-09,29.0,38.16352,-9.163519999999998
0t33a602-395e-4535-b13t-23726171b45c,2022-10,29.0,81.4368,-52.436800000000005
0t33a602-395e-4535-b13t-23726171b45c,2022-11,29.0,82.2352,-53.235200000000006
0t33a602-395e-4535-b13t-23726171b45c,2022-12,29.0,54.13152,-25.131520000000002
0t33a602-395e-4535-b13t-23726171b45c,2023-01,29.0,0.0,29.0
12a1a723-0157-4ae7-bf37-3b4596047t93,2022-08,34.0,0.0,34.0
12a1a723-0157-4ae7-bf37-3b4596047t93,2022-09,34.0,16.497,17.503
12a1a723-0157-4ae7-bf37-3b4596047t93,2022-10,68.0,5.889,62.111
12a1a723-0157-4ae7-bf37-3b4596047t93,2022-11,34.0,4.914,29.086
12a1a723-0157-4ae7-bf37-3b4596047t93,2022-12,68.0,17.004,50.995999999999995
12a1a723-0157-4ae7-bf37-3b4596047t93,2023-01,34.0,0.0,34.0
14b0a194-f0f5-44fe-bfet-1723t49c6276,2022-09,29.0,94.37088,-65.37088
14b0a194-f0f5-44fe-bfet-1723t49c6276,2022-10,29.0,90.69824,-61.69824
14b0a194-f0f5-44fe-bfet-1723t49c6276,2022-11,29.0,58.12352,-29.12352
14b0a194-f0f5-44fe-bfet-1723t49c6276,2022-12,29.0,95.64832,-66.64832
14b0a194-f0f5-44fe-bfet-1723t49c6276,2023-01,29.0,0.0,29.0
151763ft-b2bf-4e64-3779-0333f173a062,2022-09,58.0,92.6144,-34.6144
151763ft-b2bf-4e64-3779-0333f173a062,2022-10,29.0,50.13952,-21.139519999999997
151763ft-b2bf-4e64-3779-0333f173a062,2022-11,58.0,36.56672,21.433280000000003
151763ft-b2bf-4e64-3779-0333f173a062,2022-12,29.0,67.0656,-38.0656
151763ft-b2bf-4e64-3779-0333f173a062,2023-01,29.0,0.0,29.0
1635929t-fab3-4ec0-33b7-74et3ef5e573,2022-09,29.0,87.50464,-58.504639999999995
1635929t-fab3-4ec0-33b7-74et3ef5e573,2022-10,29.0,58.12352,-29.12352
1635929t-fab3-4ec0-33b7-74et3ef5e573,2022-11,29.0,83.832,-54.831999999999994
1635929t-fab3-4ec0-33b7-74et3ef5e573,2022-12,29.0,61.4768,-32.4768
1635929t-fab3-4ec0-33b7-74et3ef5e573,2023-01,29.0,0.0,29.0
1793706b-30ab-4021-aat9-510t39465ab2,2022-09,19.33,83.51264,-64.18264
1793706b-30ab-4021-aat9-510t39465ab2,2022-10,19.65,42.3152,-22.6652
1793706b-30ab-4021-aat9-510t39465ab2,2022-11,29.0,51.41696,-22.416960000000003
1793706b-30ab-4021-aat9-510t39465ab2,2022-12,29.0,45.66848,-16.668480000000002
1793706b-30ab-4021-aat9-510t39465ab2,2023-01,29.0,0.0,29.0
17a3314b-312c-446t-35f2-f3tcaet57034,2022-09,229.0,150.07,78.93
17a3314b-312c-446t-35f2-f3tcaet57034,2022-10,229.0,117.962,111.038
17a3314b-312c-446t-35f2-f3tcaet57034,2022-11,343.73,82.015,261.71500000000003
17a3314b-312c-446t-35f2-f3tcaet57034,2022-12,239.68,110.982,128.698
17a3314b-312c-446t-35f2-f3tcaet57034,2023-01,229.0,0.0,229.0
190f35a3-7141-4336-3e46-1t9a1036716e,2022-09,29.0,34.3312,-5.331200000000003
190f35a3-7141-4336-3e46-1t9a1036716e,2022-10,29.0,33.5328,-4.532800000000002
190f35a3-7141-4336-3e46-1t9a1036716e,2022-11,29.0,87.98368,-58.98368000000001
190f35a3-7141-4336-3e46-1t9a1036716e,2022-12,29.0,37.84416,-8.844160000000002
190f35a3-7141-4336-3e46-1t9a1036716e,2023-01,29.0,0.0,29.0
195743fb-e3ba-4353-9b32-5003ft1fat94,2022-09,29.0,61.15744,-32.15744
195743fb-e3ba-4353-9b32-5003ft1fat94,2022-10,29.0,79.68032,-50.680319999999995
195743fb-e3ba-4353-9b32-5003ft1fat94,2022-11,29.0,32.89408,-3.8940800000000024
195743fb-e3ba-4353-9b32-5003ft1fat94,2022-12,29.0,86.54656,-57.54656
195743fb-e3ba-4353-9b32-5003ft1fat94,2023-01,29.0,0.0,29.0
1a019bac-be5a-4ca3-3953-364ca7f9f3c0,2022-08,1.09,0.0,1.09
1a019bac-be5a-4ca3-3953-364ca7f9f3c0,2022-09,300.09,62.82,237.26999999999998
1a019bac-be5a-4ca3-3953-364ca7f9f3c0,2022-10,302.98,121.452,181.52800000000002
1a019bac-be5a-4ca3-3953-364ca7f9f3c0,2022-11,328.27,75.035,253.23499999999999
1a019bac-be5a-4ca3-3953-364ca7f9f3c0,2022-12,302.66,160.889,141.77100000000002
1a019bac-be5a-4ca3-3953-364ca7f9f3c0,2023-01,299.0,0.0,299.0
1a1569bf-4e3f-4f45-97a1-4550ee314a09,2022-09,0.0,71.856,-71.856
1a1569bf-4e3f-4f45-97a1-4550ee314a09,2022-10,0.0,55.888,-55.888
1a1569bf-4e3f-4f45-97a1-4550ee314a09,2022-11,0.0,33.85216,-33.85216
1a1569bf-4e3f-4f45-97a1-4550ee314a09,2022-12,0.0,48.86208,-48.86208
1a1569bf-4e3f-4f45-97a1-4550ee314a09,2023-01,0.0,0.0,0.0
1cb4639e-6e62-42t9-393a-ab25673cbe43,2022-09,29.0,53.81216,-24.81216
1cb4639e-6e62-42t9-393a-ab25673cbe43,2022-10,29.0,52.21536,-23.215359999999997
1cb4639e-6e62-42t9-393a-ab25673cbe43,2022-11,29.0,60.83808,-31.838079999999998
1cb4639e-6e62-42t9-393a-ab25673cbe43,2022-12,29.0,72.01568,-43.01568
1cb4639e-6e62-42t9-393a-ab25673cbe43,2023-01,29.0,0.0,29.0
20607925-fb43-432b-3665-97ttb954a63f,2022-09,29.0,91.816,-62.816
20607925-fb43-432b-3665-97ttb954a63f,2022-10,29.0,74.57056,-45.57056
20607925-fb43-432b-3665-97ttb954a63f,2022-11,29.0,79.84,-50.84
20607925-fb43-432b-3665-97ttb954a63f,2022-12,29.0,85.26912,-56.26912
20607925-fb43-432b-3665-97ttb954a63f,2023-01,29.0,0.0,29.0
214tc063-c7f1-40f3-bcae-77034eetat3c,2022-09,29.0,93.25312,-64.25312
214tc063-c7f1-40f3-bcae-77034eetat3c,2022-10,29.0,64.03168,-35.031679999999994
214tc063-c7f1-40f3-bcae-77034eetat3c,2022-11,29.0,87.18528,-58.185280000000006
214tc063-c7f1-40f3-bcae-77034eetat3c,2022-12,29.0,33.05376,-4.053759999999997
214tc063-c7f1-40f3-bcae-77034eetat3c,2023-01,29.0,0.0,29.0
2367607t-a634-410f-3a67-720ec63433ff,2022-09,29.0,69.62048,-40.62048
2367607t-a634-410f-3a67-720ec63433ff,2022-10,29.0,88.94176,-59.94176
2367607t-a634-410f-3a67-720ec63433ff,2022-11,29.0,37.84416,-8.844160000000002
2367607t-a634-410f-3a67-720ec63433ff,2022-12,29.0,49.66048,-20.66048
2367607t-a634-410f-3a67-720ec63433ff,2023-01,29.0,0.0,29.0
2375675c-a523-4abc-97c3-a6e63159a390,2022-09,229.0,122.499,106.501
2375675c-a523-4abc-97c3-a6e63159a390,2022-10,229.0,151.466,77.53399999999999
2375675c-a523-4abc-97c3-a6e63159a390,2022-11,-30.539999999999964,45.37,-75.90999999999997
24704ac7-012f-445e-b14f-afte95cf6990,2022-08,34.0,0.0,34.0
24704ac7-012f-445e-b14f-afte95cf6990,2022-09,34.0,3.9,30.1
24704ac7-012f-445e-b14f-afte95cf6990,2022-10,68.0,4.29,63.71
24704ac7-012f-445e-b14f-afte95cf6990,2022-11,34.0,16.965,17.035
24704ac7-012f-445e-b14f-afte95cf6990,2022-12,68.0,17.16,50.84
24704ac7-012f-445e-b14f-afte95cf6990,2023-01,34.0,0.0,34.0
26167t91-3att-4tc3-a367-f65cff319f31,2022-09,337.5,86.203,251.297
26167t91-3att-4tc3-a367-f65cff319f31,2022-10,299.0,145.533,153.467
26167t91-3att-4tc3-a367-f65cff319f31,2022-11,352.42,170.661,181.75900000000001
26167t91-3att-4tc3-a367-f65cff319f31,2022-12,299.0,44.672,254.328
26167t91-3att-4tc3-a367-f65cff319f31,2023-01,299.0,0.0,299.0
2b762aa6-fc5a-4034-9b72-32b93a34a062,2022-09,49.0,26.358,22.642
2b762aa6-fc5a-4034-9b72-32b93a34a062,2022-10,49.0,8.487,40.513
2b762aa6-fc5a-4034-9b72-32b93a34a062,2022-11,49.0,9.039,39.961
2b762aa6-fc5a-4034-9b72-32b93a34a062,2022-12,49.0,13.455,35.545
2b762aa6-fc5a-4034-9b72-32b93a34a062,2023-01,49.0,0.0,49.0
2f44997t-6937-43fa-9006-79f59cb75eb0,2022-09,29.0,78.2432,-49.2432
2f44997t-6937-43fa-9006-79f59cb75eb0,2022-10,29.0,56.52672,-27.526719999999997
2f44997t-6937-43fa-9006-79f59cb75eb0,2022-11,29.0,50.13952,-21.139519999999997
2f44997t-6937-43fa-9006-79f59cb75eb0,2022-12,29.0,93.73216,-64.73216
2f44997t-6937-43fa-9006-79f59cb75eb0,2023-01,29.0,0.0,29.0
30033444-9cea-4903-9f7f-afb42a30cabf,2022-09,29.0,66.2672,-37.2672
30033444-9cea-4903-9f7f-afb42a30cabf,2022-10,29.0,55.56864,-26.568640000000002
30033444-9cea-4903-9f7f-afb42a30cabf,2022-11,29.0,70.2592,-41.25920000000001
30033444-9cea-4903-9f7f-afb42a30cabf,2022-12,29.0,84.94976,-55.94976
30033444-9cea-4903-9f7f-afb42a30cabf,2023-01,29.0,0.0,29.0
301330bf-93c7-4afa-9e3b-f313004f3a19,2022-09,29.0,40.55872,-11.558720000000001
301330bf-93c7-4afa-9e3b-f313004f3a19,2022-10,29.0,0.0,29.0
301330bf-93c7-4afa-9e3b-f313004f3a19,2022-11,13.53,0.0,13.53
301330bf-93c7-4afa-9e3b-f313004f3a19,2022-12,0.0,57.64448,-57.64448
301330bf-93c7-4afa-9e3b-f313004f3a19,2023-02,29.0,0.0,29.0
301330bf-93c7-4afa-9e3b-f313004f3a19,2023-03,29.0,0.0,29.0
30702b50-7e0e-442a-ba11-2c364e509c55,2022-08,29.0,0.0,29.0
30702b50-7e0e-442a-ba11-2c364e509c55,2022-09,29.0,66.2672,-37.2672
30702b50-7e0e-442a-ba11-2c364e509c55,2022-10,58.0,53.97184,4.02816
30702b50-7e0e-442a-ba11-2c364e509c55,2022-11,29.0,89.74016,-60.74016
30702b50-7e0e-442a-ba11-2c364e509c55,2022-12,58.0,39.44096,18.559040000000003
30702b50-7e0e-442a-ba11-2c364e509c55,2023-01,29.0,0.0,29.0
30tb7aec-5ce9-4cbc-b0tc-0360ebc3f621,2022-09,229.0,78.525,150.475
30tb7aec-5ce9-4cbc-b0tc-0360ebc3f621,2022-10,229.0,162.285,66.715
30tb7aec-5ce9-4cbc-b0tc-0360ebc3f621,2022-11,229.0,81.666,147.334
30tb7aec-5ce9-4cbc-b0tc-0360ebc3f621,2022-12,229.0,87.25,141.75
30tb7aec-5ce9-4cbc-b0tc-0360ebc3f621,2023-01,229.0,0.0,229.0
30tetfc1-6435-4061-b455-92ta21240601,2022-09,299.22,102.257,196.96300000000002
30tetfc1-6435-4061-b455-92ta21240601,2022-10,299.0,77.478,221.522
30tetfc1-6435-4061-b455-92ta21240601,2022-11,300.58,154.258,146.32199999999997
30tetfc1-6435-4061-b455-92ta21240601,2022-12,314.46,110.284,204.176
30tetfc1-6435-4061-b455-92ta21240601,2023-01,299.0,0.0,299.0
317cb226-6b32-43b7-9e63-29be0ftcc2a2,2022-09,299.0,154.607,144.393
317cb226-6b32-43b7-9e63-29be0ftcc2a2,2022-10,299.0,62.82,236.18
317cb226-6b32-43b7-9e63-29be0ftcc2a2,2022-11,299.0,113.774,185.226
317cb226-6b32-43b7-9e63-29be0ftcc2a2,2022-12,299.0,171.708,127.292
317cb226-6b32-43b7-9e63-29be0ftcc2a2,2023-01,299.0,0.0,299.0
31ee55t5-41t7-42f3-b2ce-5711452e4694,2022-08,19.63,0.0,19.63
31ee55t5-41t7-42f3-b2ce-5711452e4694,2022-09,346.79,144.486,202.30400000000003
31ee55t5-41t7-42f3-b2ce-5711452e4694,2022-10,370.51,97.72,272.78999999999996
31ee55t5-41t7-42f3-b2ce-5711452e4694,2022-11,532.74,95.277,437.463
31ee55t5-41t7-42f3-b2ce-5711452e4694,2022-12,403.55,54.095,349.45500000000004
31ee55t5-41t7-42f3-b2ce-5711452e4694,2023-01,229.0,0.0,229.0
323t46f3-ta3f-4a3t-a5ta-37f3f4bfa6c3,2022-09,229.0,125.989,103.011
323t46f3-ta3f-4a3t-a5ta-37f3f4bfa6c3,2022-10,229.0,92.136,136.864
323t46f3-ta3f-4a3t-a5ta-37f3f4bfa6c3,2022-11,-30.539999999999964,99.814,-130.35399999999996
324f6235-ef7f-4t94-3t33-7417t5tc660b,2022-09,29.0,34.49088,-5.490879999999997
324f6235-ef7f-4t94-3t33-7417t5tc660b,2022-10,29.0,94.69024,-65.69024
324f6235-ef7f-4t94-3t33-7417t5tc660b,2022-11,29.0,87.98368,-58.98368000000001
324f6235-ef7f-4t94-3t33-7417t5tc660b,2022-12,29.0,61.15744,-32.15744
324f6235-ef7f-4t94-3t33-7417t5tc660b,2023-01,29.0,0.0,29.0
32a49ab3-6120-46c7-b6f0-0fcbfef21333,2022-09,29.0,50.13952,-21.139519999999997
32a49ab3-6120-46c7-b6f0-0fcbfef21333,2022-10,29.0,69.14144,-40.14144
32a49ab3-6120-46c7-b6f0-0fcbfef21333,2022-11,29.0,91.0176,-62.0176
32a49ab3-6120-46c7-b6f0-0fcbfef21333,2022-12,29.0,62.59456,-33.59456
32a49ab3-6120-46c7-b6f0-0fcbfef21333,2023-01,29.0,0.0,29.0
32a49ab3-6120-46c7-b6f0-0fcbfef21333,2023-02,29.0,0.0,29.0
32a49ab3-6120-46c7-b6f0-0fcbfef21333,2023-03,29.0,0.0,29.0
32a49ab3-6120-46c7-b6f0-0fcbfef21333,2023-04,29.0,0.0,29.0
32a49ab3-6120-46c7-b6f0-0fcbfef21333,2023-05,29.0,0.0,29.0
32a49ab3-6120-46c7-b6f0-0fcbfef21333,2023-06,29.0,0.0,29.0
32a49ab3-6120-46c7-b6f0-0fcbfef21333,2023-07,29.0,0.0,29.0
32a49ab3-6120-46c7-b6f0-0fcbfef21333,2023-08,29.0,0.0,29.0
32a49ab3-6120-46c7-b6f0-0fcbfef21333,2023-09,29.0,0.0,29.0
32a49ab3-6120-46c7-b6f0-0fcbfef21333,2023-10,29.0,0.0,29.0
32a49ab3-6120-46c7-b6f0-0fcbfef21333,2023-11,29.0,0.0,29.0
32a49ab3-6120-46c7-b6f0-0fcbfef21333,2023-12,29.0,0.0,29.0
32b0t5c1-e0c0-4c66-92f6-6b6a46473ef3,2022-09,29.0,59.0816,-30.0816
32b0t5c1-e0c0-4c66-92f6-6b6a46473ef3,2022-10,29.0,46.78624,-17.78624
32b0t5c1-e0c0-4c66-92f6-6b6a46473ef3,2022-11,29.0,81.4368,-52.436800000000005
32b0t5c1-e0c0-4c66-92f6-6b6a46473ef3,2022-12,29.0,90.2192,-61.2192
32b0t5c1-e0c0-4c66-92f6-6b6a46473ef3,2023-01,29.0,0.0,29.0
32t96c66-b6b0-4111-b3a2-0b37ct09463f,2022-09,29.0,48.86208,-19.86208
32t96c66-b6b0-4111-b3a2-0b37ct09463f,2022-10,29.0,86.70624,-57.706239999999994
32t96c66-b6b0-4111-b3a2-0b37ct09463f,2022-11,29.0,44.7104,-15.7104
32t96c66-b6b0-4111-b3a2-0b37ct09463f,2022-12,29.0,47.904,-18.904000000000003
32t96c66-b6b0-4111-b3a2-0b37ct09463f,2023-01,29.0,0.0,29.0
330a3ft3-374f-4cf4-39f5-e1044c177619,2022-09,49.0,18.63,30.37
330a3ft3-374f-4cf4-39f5-e1044c177619,2022-10,49.0,11.523,37.477000000000004
330a3ft3-374f-4cf4-39f5-e1044c177619,2022-11,49.0,8.487,40.513
330a3ft3-374f-4cf4-39f5-e1044c177619,2022-12,49.0,15.456,33.544
330a3ft3-374f-4cf4-39f5-e1044c177619,2023-01,49.0,0.0,49.0
3317tc13-25bt-4a36-3290-t6c6b9t9f751,2022-09,206.0,114.821,91.179
3317tc13-25bt-4a36-3290-t6c6b9t9f751,2022-10,206.0,62.471,143.529
3317tc13-25bt-4a36-3290-t6c6b9t9f751,2022-11,211.97,96.673,115.297
3317tc13-25bt-4a36-3290-t6c6b9t9f751,2022-12,206.0,162.285,43.715
3317tc13-25bt-4a36-3290-t6c6b9t9f751,2023-01,206.0,0.0,206.0
3345e0b3-5231-4642-9766-53ee5691ft3f,2022-09,379.0,35.249,343.751
3345e0b3-5231-4642-9766-53ee5691ft3f,2022-10,379.0,153.211,225.789
3345e0b3-5231-4642-9766-53ee5691ft3f,2022-11,379.0,91.787,287.21299999999997
3345e0b3-5231-4642-9766-53ee5691ft3f,2022-12,379.0,120.754,258.246
3345e0b3-5231-4642-9766-53ee5691ft3f,2023-01,379.0,0.0,379.0
3399afa3-4cba-4213-ac13-abba7tb7e933,2022-09,229.0,160.191,68.809
3399afa3-4cba-4213-ac13-abba7tb7e933,2022-10,229.0,108.888,120.112
3399afa3-4cba-4213-ac13-abba7tb7e933,2022-11,229.0,129.13,99.87
3399afa3-4cba-4213-ac13-abba7tb7e933,2022-12,229.0,45.021,183.97899999999998
3399afa3-4cba-4213-ac13-abba7tb7e933,2023-01,229.0,0.0,229.0
33b3e01f-tbf3-4fa3-9ffe-tef3a9e9f43b,2022-02,145.0,0.0,145.0
33b3e01f-tbf3-4fa3-9ffe-tef3a9e9f43b,2022-03,93.55000000000001,0.0,93.55000000000001
340a4336-436c-4b75-ab37-f3a911ff200a,2022-09,399.0,75.733,323.267
340a4336-436c-4b75-ab37-f3a911ff200a,2022-10,400.58,160.191,240.38899999999998
340a4336-436c-4b75-ab37-f3a911ff200a,2022-11,404.17,73.988,330.182
340a4336-436c-4b75-ab37-f3a911ff200a,2022-12,399.0,125.291,273.709
340a4336-436c-4b75-ab37-f3a911ff200a,2023-01,399.0,0.0,399.0
34933593-9b49-4e63-ae03-1t09033c391f,2022-09,29.0,68.02368,-39.02368
34933593-9b49-4e63-ae03-1t09033c391f,2022-10,29.0,75.36896,-46.36896
34933593-9b49-4e63-ae03-1t09033c391f,2022-11,29.0,64.83008,-35.830079999999995
34933593-9b49-4e63-ae03-1t09033c391f,2022-12,29.0,51.73632,-22.73632
34933593-9b49-4e63-ae03-1t09033c391f,2023-01,29.0,0.0,29.0
35cb3ff7-1306-432a-bt40-61333412f6eb,2022-09,399.0,138.204,260.796
35cb3ff7-1306-432a-bt40-61333412f6eb,2022-10,399.0,84.807,314.193
35cb3ff7-1306-432a-bt40-61333412f6eb,2022-11,399.0,169.265,229.735
35cb3ff7-1306-432a-bt40-61333412f6eb,2022-12,399.0,124.593,274.407
35cb3ff7-1306-432a-bt40-61333412f6eb,2023-01,399.0,0.0,399.0
36affecc-b6b1-4103-9313-3ff91b05fa24,2022-09,299.0,154.258,144.742
36affecc-b6b1-4103-9313-3ff91b05fa24,2022-10,299.0,146.58,152.42
36affecc-b6b1-4103-9313-3ff91b05fa24,2022-11,299.0,92.834,206.166
36affecc-b6b1-4103-9313-3ff91b05fa24,2022-12,299.0,139.6,159.4
36affecc-b6b1-4103-9313-3ff91b05fa24,2023-01,299.0,0.0,299.0
36cb95a4-10e3-4311-btea-f205aac22aa3,2022-09,29.0,38.48288,-9.482880000000002
36cb95a4-10e3-4311-btea-f205aac22aa3,2022-10,29.0,0.0,29.0
36cb95a4-10e3-4311-btea-f205aac22aa3,2022-11,13.53,0.0,13.53
36cb95a4-10e3-4311-btea-f205aac22aa3,2022-12,0.0,83.832,-83.832
36cb95a4-10e3-4311-btea-f205aac22aa3,2023-02,29.0,0.0,29.0
36cb95a4-10e3-4311-btea-f205aac22aa3,2023-03,29.0,0.0,29.0
372a140a-730a-43ae-9430-2a95bb44739b,2022-09,29.0,87.0256,-58.0256
372a140a-730a-43ae-9430-2a95bb44739b,2022-10,29.0,88.14336,-59.14336
372a140a-730a-43ae-9430-2a95bb44739b,2022-11,29.0,92.13536,-63.135360000000006
372a140a-730a-43ae-9430-2a95bb44739b,2022-12,29.0,34.65056,-5.650559999999999
372a140a-730a-43ae-9430-2a95bb44739b,2023-01,29.0,0.0,29.0
3765343e-5390-4f3f-92b7-2aetc3f0029e,2022-08,19.060000000000002,0.0,19.060000000000002
3765343e-5390-4f3f-92b7-2aetc3f0029e,2022-09,350.78,139.251,211.52899999999997
3765343e-5390-4f3f-92b7-2aetc3f0029e,2022-10,356.14,172.057,184.083
3765343e-5390-4f3f-92b7-2aetc3f0029e,2022-11,354.94,102.606,252.334
3765343e-5390-4f3f-92b7-2aetc3f0029e,2022-12,350.19,130.177,220.013
3765343e-5390-4f3f-92b7-2aetc3f0029e,2023-01,349.0,0.0,349.0
39c3c3tc-32b2-4f34-9t45-0f44b5f25e95,2022-09,28.03,85.26912,-57.23912
39c3c3tc-32b2-4f34-9t45-0f44b5f25e95,2022-10,29.0,41.19744,-12.19744
39c3c3tc-32b2-4f34-9t45-0f44b5f25e95,2022-11,29.0,40.07968,-11.079680000000003
39c3c3tc-32b2-4f34-9t45-0f44b5f25e95,2022-12,29.0,56.84608,-27.84608
39c3c3tc-32b2-4f34-9t45-0f44b5f25e95,2023-01,0.0,0.0,0.0
3a7732c2-20tf-4eft-93ct-2ef35f3ce7be,2022-09,28.03,37.5248,-9.494799999999998
3a7732c2-20tf-4eft-93ct-2ef35f3ce7be,2022-10,29.0,49.66048,-20.66048
3a7732c2-20tf-4eft-93ct-2ef35f3ce7be,2022-11,29.0,87.824,-58.824
3a7732c2-20tf-4eft-93ct-2ef35f3ce7be,2022-12,29.0,74.2512,-45.2512
3a7732c2-20tf-4eft-93ct-2ef35f3ce7be,2023-01,0.0,0.0,0.0
3aa23702-0699-4ett-b900-507tf36544b5,2022-06,57.5,0.0,57.5
3bbt2547-5b61-43b9-3317-0543c5226ct2,2022-09,555.96,159.842,396.11800000000005
3bbt2547-5b61-43b9-3317-0543c5226ct2,2022-10,548.0,41.182,506.818
3bbt2547-5b61-43b9-3317-0543c5226ct2,2022-11,422.18,111.68,310.5
3bbt2547-5b61-43b9-3317-0543c5226ct2,2022-12,686.05,144.486,541.564
3bbt2547-5b61-43b9-3317-0543c5226ct2,2023-01,548.0,0.0,548.0
3btf0619-ff03-4c7c-3c9b-e0c90326c7f2,2022-09,29.0,90.69824,-61.69824
3btf0619-ff03-4c7c-3c9b-e0c90326c7f2,2022-10,29.0,92.6144,-63.6144
3btf0619-ff03-4c7c-3c9b-e0c90326c7f2,2022-11,29.0,56.36704,-27.367040000000003
3btf0619-ff03-4c7c-3c9b-e0c90326c7f2,2022-12,29.0,68.98176,-39.981759999999994
3btf0619-ff03-4c7c-3c9b-e0c90326c7f2,2023-01,29.0,0.0,29.0
3c263aee-cb01-44b0-ac6a-e24t77c13tt1,2022-09,399.0,78.874,320.126
3c263aee-cb01-44b0-ac6a-e24t77c13tt1,2022-10,399.0,97.022,301.978
3c263aee-cb01-44b0-ac6a-e24t77c13tt1,2022-11,399.0,83.76,315.24
3c263aee-cb01-44b0-ac6a-e24t77c13tt1,2022-12,399.0,101.908,297.092
3c263aee-cb01-44b0-ac6a-e24t77c13tt1,2023-01,399.0,0.0,399.0
3c3te021-0143-4a39-ab33-177e9a066b45,2022-09,47.370000000000005,15.318,32.05200000000001
3c3te021-0143-4a39-ab33-177e9a066b45,2022-10,49.0,7.728,41.272
3c3te021-0143-4a39-ab33-177e9a066b45,2022-11,49.0,18.975,30.025
3c3te021-0143-4a39-ab33-177e9a066b45,2022-12,30.439999999999998,23.391,7.0489999999999995
3c531435-b703-49t9-9t33-02ba31ef33a0,2022-09,240.03,37.343,202.687
3c531435-b703-49t9-9t33-02ba31ef33a0,2022-10,128.71,142.392,-13.681999999999988
3c76e55e-55e9-4f95-9fe2-32ff334bt3f5,2022-09,29.0,52.85408,-23.854080000000003
3c76e55e-55e9-4f95-9fe2-32ff334bt3f5,2022-10,29.0,53.81216,-24.81216
3c76e55e-55e9-4f95-9fe2-32ff334bt3f5,2022-11,29.0,49.97984,-20.979840000000003
3c76e55e-55e9-4f95-9fe2-32ff334bt3f5,2022-12,29.0,59.56064,-30.56064
3c76e55e-55e9-4f95-9fe2-32ff334bt3f5,2023-01,29.0,0.0,29.0
3cbef2c1-1f4a-4bb4-b63e-bt75963bceca,2022-09,69.59,99.465,-29.875
3cbef2c1-1f4a-4bb4-b63e-bt75963bceca,2022-10,69.0,140.647,-71.64699999999999
3cbef2c1-1f4a-4bb4-b63e-bt75963bceca,2022-11,69.0,91.787,-22.787000000000006
3cbef2c1-1f4a-4bb4-b63e-bt75963bceca,2022-12,69.0,80.619,-11.619
3cbef2c1-1f4a-4bb4-b63e-bt75963bceca,2023-01,69.0,0.0,69.0
3f1ea67t-t6f1-4e23-9791-9ta36b7640bt,2022-09,29.0,50.2992,-21.2992
3f1ea67t-t6f1-4e23-9791-9ta36b7640bt,2022-10,29.0,60.6784,-31.678400000000003
3f1ea67t-t6f1-4e23-9791-9ta36b7640bt,2022-11,29.0,89.4208,-60.4208
3f1ea67t-t6f1-4e23-9791-9ta36b7640bt,2022-12,29.0,84.15136,-55.15136
3f1ea67t-t6f1-4e23-9791-9ta36b7640bt,2023-01,29.0,0.0,29.0
3f4at0fc-e91a-406f-bat5-b919abe43cat,2022-09,29.0,85.26912,-56.26912
3f4at0fc-e91a-406f-bat5-b919abe43cat,2022-10,29.0,92.29504,-63.29504
3f4at0fc-e91a-406f-bat5-b919abe43cat,2022-11,29.0,46.78624,-17.78624
3f4at0fc-e91a-406f-bat5-b919abe43cat,2022-12,29.0,77.12544,-48.12544
3f4at0fc-e91a-406f-bat5-b919abe43cat,2023-01,29.0,0.0,29.0
3t36a7et-c65b-419b-ba15-6606c4237306,2022-09,191.38,140.996,50.383999999999986
3t36a7et-c65b-419b-ba15-6606c4237306,2022-10,190.09,132.969,57.12100000000001
3t36a7et-c65b-419b-ba15-6606c4237306,2022-11,189.0,123.895,65.105
3t36a7et-c65b-419b-ba15-6606c4237306,2022-12,189.0,92.834,96.166
3t36a7et-c65b-419b-ba15-6606c4237306,2023-01,189.0,0.0,189.0
413ef69c-c441-42a1-944b-cbef61ae77cb,2022-09,0.0,79.20128,-79.20128
413ef69c-c441-42a1-944b-cbef61ae77cb,2022-10,0.0,44.07168,-44.07168
413ef69c-c441-42a1-944b-cbef61ae77cb,2022-11,0.0,50.61856,-50.61856
413ef69c-c441-42a1-944b-cbef61ae77cb,2022-12,0.0,38.00384,-38.00384
413ef69c-c441-42a1-944b-cbef61ae77cb,2023-01,0.0,0.0,0.0
41597cef-3103-4e4a-b76a-5c19ct454739,2022-09,29.0,82.07552,-53.07552
41597cef-3103-4e4a-b76a-5c19ct454739,2022-10,29.0,43.43296,-14.432960000000001
41597cef-3103-4e4a-b76a-5c19ct454739,2022-11,3.870000000000001,89.26112,-85.39112
433f950f-30t4-4177-b7e5-ac2cc0eb0a16,2022-09,29.0,39.60064,-10.600639999999999
433f950f-30t4-4177-b7e5-ac2cc0eb0a16,2022-10,29.0,75.52864,-46.528639999999996
433f950f-30t4-4177-b7e5-ac2cc0eb0a16,2022-11,29.0,64.35104,-35.35104
433f950f-30t4-4177-b7e5-ac2cc0eb0a16,2022-12,29.0,85.58848,-56.588480000000004
433f950f-30t4-4177-b7e5-ac2cc0eb0a16,2023-01,29.0,0.0,29.0
4363cfae-5111-4329-ae2c-1a9et2a24f3e,2022-09,443.43,167.171,276.259
4363cfae-5111-4329-ae2c-1a9et2a24f3e,2022-10,380.99,114.821,266.169
4363cfae-5111-4329-ae2c-1a9et2a24f3e,2022-11,379.0,93.183,285.817
4363cfae-5111-4329-ae2c-1a9et2a24f3e,2022-12,1470.15,174.151,1295.999
4363cfae-5111-4329-ae2c-1a9et2a24f3e,2023-01,379.0,0.0,379.0
45b593b2-5b52-4015-a31f-f736b93290at,2022-09,383.37,55.142,328.228
45b593b2-5b52-4015-a31f-f736b93290at,2022-10,397.32,75.384,321.936
45b593b2-5b52-4015-a31f-f736b93290at,2022-11,399.3,55.491,343.809
45b593b2-5b52-4015-a31f-f736b93290at,2022-12,383.25,36.645,346.605
45b593b2-5b52-4015-a31f-f736b93290at,2023-01,379.0,0.0,379.0
45eb7tba-f20c-43aa-bf39-c6fbce722ba7,2022-09,380.09,113.774,266.316
45eb7tba-f20c-43aa-bf39-c6fbce722ba7,2022-10,379.0,111.331,267.669
45eb7tba-f20c-43aa-bf39-c6fbce722ba7,2022-11,379.0,90.391,288.609
45eb7tba-f20c-43aa-bf39-c6fbce722ba7,2022-12,379.0,597.58,-218.58000000000004
45eb7tba-f20c-43aa-bf39-c6fbce722ba7,2023-01,379.0,0.0,379.0
47t1951c-3e04-47e3-349a-959b0bb53a5b,2022-09,229.0,96.673,132.327
47t1951c-3e04-47e3-349a-959b0bb53a5b,2022-10,229.0,103.304,125.696
47t1951c-3e04-47e3-349a-959b0bb53a5b,2022-11,229.0,36.994,192.006
47t1951c-3e04-47e3-349a-959b0bb53a5b,2022-12,229.0,41.531,187.469
47t1951c-3e04-47e3-349a-959b0bb53a5b,2023-01,229.0,0.0,229.0
4ae537c0-b035-4622-3bf6-94e2694e6209,2022-09,29.0,51.25728,-22.25728
4ae537c0-b035-4622-3bf6-94e2694e6209,2022-10,29.0,90.05952,-61.059520000000006
4ae537c0-b035-4622-3bf6-94e2694e6209,2022-11,29.0,49.97984,-20.979840000000003
4ae537c0-b035-4622-3bf6-94e2694e6209,2022-12,29.0,88.94176,-59.94176
4ae537c0-b035-4622-3bf6-94e2694e6209,2023-01,29.0,0.0,29.0
4aet207c-1259-4797-3426-1506215a7f23,2022-09,29.0,38.00384,-9.003839999999997
4aet207c-1259-4797-3426-1506215a7f23,2022-10,29.0,70.57856,-41.578559999999996
4aet207c-1259-4797-3426-1506215a7f23,2022-11,29.0,78.56256,-49.562560000000005
4aet207c-1259-4797-3426-1506215a7f23,2022-12,29.0,80.15936,-51.15936000000001
4aet207c-1259-4797-3426-1506215a7f23,2023-01,29.0,0.0,29.0
4b22t951-ta7b-420t-9t46-e5062tcb3f64,2022-09,189.0,164.03,24.97
4b22t951-ta7b-420t-9t46-e5062tcb3f64,2022-10,189.0,123.895,65.105
4b22t951-ta7b-420t-9t46-e5062tcb3f64,2022-11,189.0,95.975,93.025
4b22t951-ta7b-420t-9t46-e5062tcb3f64,2022-12,189.0,88.297,100.703
4b22t951-ta7b-420t-9t46-e5062tcb3f64,2023-01,189.0,0.0,189.0
4e360ece-t3at-4725-ae14-95ca43b6f4e2,2022-09,29.0,74.88992,-45.889920000000004
4e360ece-t3at-4725-ae14-95ca43b6f4e2,2022-10,29.0,66.90592,-37.905919999999995
4e360ece-t3at-4725-ae14-95ca43b6f4e2,2022-11,-19.340000000000003,92.45472,-111.79472
4e360ece-t3at-4725-ae14-95ca43b6f4e2,2022-12,29.0,91.17728,-62.177279999999996
4e360ece-t3at-4725-ae14-95ca43b6f4e2,2023-01,29.0,0.0,29.0
4ff33113-9cb4-4363-9e15-3f39aa2f2203,2022-09,29.0,43.912,-14.911999999999999
4ff33113-9cb4-4363-9e15-3f39aa2f2203,2022-10,29.0,92.13536,-63.135360000000006
4ff33113-9cb4-4363-9e15-3f39aa2f2203,2022-11,29.0,57.32512,-28.32512
4ff33113-9cb4-4363-9e15-3f39aa2f2203,2022-12,29.0,75.20928,-46.20928000000001
4ff33113-9cb4-4363-9e15-3f39aa2f2203,2023-01,29.0,0.0,29.0
4t03507a-6631-4576-9e6f-4267ta133979,2022-09,29.0,94.05152,-65.05152
4t03507a-6631-4576-9e6f-4267ta133979,2022-10,29.0,39.60064,-10.600639999999999
4t03507a-6631-4576-9e6f-4267ta133979,2022-11,29.0,40.7184,-11.718400000000003
4t03507a-6631-4576-9e6f-4267ta133979,2022-12,29.0,45.02976,-16.029760000000003
4t03507a-6631-4576-9e6f-4267ta133979,2023-01,29.0,0.0,29.0
5052c33a-e605-434t-3294-6aa4034bb690,2022-09,29.0,92.45472,-63.454719999999995
5052c33a-e605-434t-3294-6aa4034bb690,2022-10,29.0,53.97184,-24.97184
5052c33a-e605-434t-3294-6aa4034bb690,2022-11,29.0,46.78624,-17.78624
5052c33a-e605-434t-3294-6aa4034bb690,2022-12,29.0,41.03776,-12.037759999999999
5052c33a-e605-434t-3294-6aa4034bb690,2023-01,29.0,0.0,29.0
505bc40c-bc53-4b32-b040-tc1fc7etf72c,2022-09,0.0,60.6784,-60.6784
505bc40c-bc53-4b32-b040-tc1fc7etf72c,2022-10,0.0,83.51264,-83.51264
505bc40c-bc53-4b32-b040-tc1fc7etf72c,2022-11,0.0,65.62848,-65.62848
505bc40c-bc53-4b32-b040-tc1fc7etf72c,2022-12,0.0,42.15552,-42.15552
505bc40c-bc53-4b32-b040-tc1fc7etf72c,2023-01,0.0,0.0,0.0
5161a2f7-32e5-4373-9675-3264b19b292f,2022-09,29.0,78.08352,-49.08351999999999
5161a2f7-32e5-4373-9675-3264b19b292f,2022-10,29.0,52.21536,-23.215359999999997
5161a2f7-32e5-4373-9675-3264b19b292f,2022-11,29.0,50.93792,-21.93792
5161a2f7-32e5-4373-9675-3264b19b292f,2022-12,29.0,71.21728,-42.21728
5161a2f7-32e5-4373-9675-3264b19b292f,2023-01,29.0,0.0,29.0
51c7202a-bf3t-45ec-3331-033456477b6c,2022-09,29.0,62.75424,-33.75424
51c7202a-bf3t-45ec-3331-033456477b6c,2022-10,29.0,54.92992,-25.929920000000003
51c7202a-bf3t-45ec-3331-033456477b6c,2022-11,29.0,66.10752,-37.107519999999994
51c7202a-bf3t-45ec-3331-033456477b6c,2022-12,5.609999999999999,42.79424,-37.18424
51c7202a-bf3t-45ec-3331-033456477b6c,2023-01,29.0,0.0,29.0
531796cc-19b0-4fe0-a193-a2cc33543e9f,2022-09,259.0,165.077,93.923
531796cc-19b0-4fe0-a193-a2cc33543e9f,2022-10,260.99,149.023,111.96700000000001
531796cc-19b0-4fe0-a193-a2cc33543e9f,2022-11,259.0,155.305,103.695
531796cc-19b0-4fe0-a193-a2cc33543e9f,2022-12,259.0,66.31,192.69
531796cc-19b0-4fe0-a193-a2cc33543e9f,2023-01,259.0,0.0,259.0
53a5f13b-35f6-49at-9922-tc06a4172033,2022-10,29.0,0.0,29.0
53a5f13b-35f6-49at-9922-tc06a4172033,2022-11,29.0,0.0,29.0
53a5f13b-35f6-49at-9922-tc06a4172033,2022-12,29.0,84.15136,-55.15136
53a5f13b-35f6-49at-9922-tc06a4172033,2023-01,29.0,0.0,29.0
53a5f13b-35f6-49at-9922-tc06a4172033,2023-02,29.0,0.0,29.0
53a5f13b-35f6-49at-9922-tc06a4172033,2023-03,29.0,0.0,29.0
56c4tc6c-ctc3-426c-3fb6-096ff42fbt2e,2022-09,332.37,152.164,180.20600000000002
56c4tc6c-ctc3-426c-3fb6-096ff42fbt2e,2022-10,322.96,89.344,233.61599999999999
56c4tc6c-ctc3-426c-3fb6-096ff42fbt2e,2022-11,299.0,171.359,127.64099999999999
56c4tc6c-ctc3-426c-3fb6-096ff42fbt2e,2022-12,322.86,121.103,201.757
56c4tc6c-ctc3-426c-3fb6-096ff42fbt2e,2023-01,299.0,0.0,299.0
57tt156c-1tfe-4f55-930t-cbft9ef33f10,2022-08,1.99,0.0,1.99
57tt156c-1tfe-4f55-930t-cbft9ef33f10,2022-09,396.08,127.385,268.695
57tt156c-1tfe-4f55-930t-cbft9ef33f10,2022-10,562.06,39.786,522.2739999999999
57tt156c-1tfe-4f55-930t-cbft9ef33f10,2022-11,341.71,96.673,245.03699999999998
57tt156c-1tfe-4f55-930t-cbft9ef33f10,2022-12,356.74,110.633,246.10700000000003
57tt156c-1tfe-4f55-930t-cbft9ef33f10,2023-01,299.0,0.0,299.0
59260t35-2993-4tbt-a35e-1ef4ca1c1ct4,2022-10,29.0,0.0,29.0
59260t35-2993-4tbt-a35e-1ef4ca1c1ct4,2022-11,29.0,0.0,29.0
59260t35-2993-4tbt-a35e-1ef4ca1c1ct4,2022-12,29.0,41.19744,-12.19744
59260t35-2993-4tbt-a35e-1ef4ca1c1ct4,2023-01,29.0,0.0,29.0
59260t35-2993-4tbt-a35e-1ef4ca1c1ct4,2023-02,29.0,0.0,29.0
59260t35-2993-4tbt-a35e-1ef4ca1c1ct4,2023-03,29.0,0.0,29.0
59fct1ba-f3cb-4556-b3b5-79c6762ccec9,2022-09,49.0,26.979,22.021
59fct1ba-f3cb-4556-b3b5-79c6762ccec9,2022-10,49.0,27.876,21.124
59fct1ba-f3cb-4556-b3b5-79c6762ccec9,2022-11,49.0,6.9,42.1
59fct1ba-f3cb-4556-b3b5-79c6762ccec9,2022-12,49.0,13.041,35.959
59fct1ba-f3cb-4556-b3b5-79c6762ccec9,2023-01,49.0,0.0,49.0
5ae5afef-9b67-4f57-3b3a-fcbf9b9334t7,2022-09,0.0,76.32704,-76.32704
5ae5afef-9b67-4f57-3b3a-fcbf9b9334t7,2022-10,0.0,88.14336,-88.14336
5ae5afef-9b67-4f57-3b3a-fcbf9b9334t7,2022-11,0.0,45.34912,-45.34912
5ae5afef-9b67-4f57-3b3a-fcbf9b9334t7,2022-12,0.0,64.19136,-64.19136
5ae5afef-9b67-4f57-3b3a-fcbf9b9334t7,2023-01,0.0,0.0,0.0
5b3ebe3t-c10b-47a3-9a25-91aa3792cce7,2022-09,189.0,89.344,99.656
5b3ebe3t-c10b-47a3-9a25-91aa3792cce7,2022-10,189.0,116.217,72.783
5b3ebe3t-c10b-47a3-9a25-91aa3792cce7,2022-11,189.0,97.022,91.978
5b3ebe3t-c10b-47a3-9a25-91aa3792cce7,2022-12,189.0,73.639,115.361
5b3ebe3t-c10b-47a3-9a25-91aa3792cce7,2023-01,189.0,0.0,189.0
5ef231t9-a5a4-43c6-395t-fe145451c4cb,2022-09,29.0,74.57056,-45.57056
5ef231t9-a5a4-43c6-395t-fe145451c4cb,2022-10,29.0,95.808,-66.808
5ef231t9-a5a4-43c6-395t-fe145451c4cb,2022-11,29.0,94.2112,-65.2112
5ef231t9-a5a4-43c6-395t-fe145451c4cb,2022-12,3.740000000000002,79.99968,-76.25968
5tb7194f-a033-4476-bt3f-3e3bffft9ft9,2022-09,29.0,34.3312,-5.331200000000003
5tb7194f-a033-4476-bt3f-3e3bffft9ft9,2022-10,29.0,76.80608,-47.806079999999994
5tb7194f-a033-4476-bt3f-3e3bffft9ft9,2022-11,29.0,59.56064,-30.56064
5tb7194f-a033-4476-bt3f-3e3bffft9ft9,2022-12,29.0,41.35712,-12.357120000000002
5tb7194f-a033-4476-bt3f-3e3bffft9ft9,2023-01,29.0,0.0,29.0
5tf3244f-17t5-4476-b675-901t3037a215,2022-09,49.0,18.147,30.853
5tf3244f-17t5-4476-b675-901t3037a215,2022-10,49.0,18.285,30.715
5tf3244f-17t5-4476-b675-901t3037a215,2022-11,49.0,21.873,27.127
5tf3244f-17t5-4476-b675-901t3037a215,2022-12,49.0,18.906,30.094
5tf3244f-17t5-4476-b675-901t3037a215,2023-01,49.0,0.0,49.0
60b191ca-1923-4033-aac4-33af47341243,2022-09,0.0,64.83008,-64.83008
60b191ca-1923-4033-aac4-33af47341243,2022-10,0.0,54.61056,-54.61056
60b191ca-1923-4033-aac4-33af47341243,2022-11,0.0,72.6544,-72.6544
60b191ca-1923-4033-aac4-33af47341243,2022-12,0.0,84.15136,-84.15136
60b191ca-1923-4033-aac4-33af47341243,2023-01,0.0,0.0,0.0
60tf6b47-ffe3-4142-a749-39f55f95499c,2022-09,399.29,116.217,283.07300000000004
60tf6b47-ffe3-4142-a749-39f55f95499c,2022-10,379.0,170.661,208.339
60tf6b47-ffe3-4142-a749-39f55f95499c,2022-11,380.99,90.042,290.948
60tf6b47-ffe3-4142-a749-39f55f95499c,2022-12,384.17,166.124,218.04600000000002
60tf6b47-ffe3-4142-a749-39f55f95499c,2023-01,379.0,0.0,379.0
61273e51-9t63-4695-33t1-5036203et33c,2022-09,70.77,154.258,-83.48800000000001
61273e51-9t63-4695-33t1-5036203et33c,2022-10,69.0,69.102,-0.10200000000000387
61273e51-9t63-4695-33t1-5036203et33c,2022-11,69.0,57.934,11.066000000000003
61273e51-9t63-4695-33t1-5036203et33c,2022-12,69.0,66.659,2.340999999999994
61273e51-9t63-4695-33t1-5036203et33c,2023-01,69.0,0.0,69.0
619t1233-1c30-4339-9cee-57b16ebb0fb0,2022-09,229.0,146.231,82.769
619t1233-1c30-4339-9cee-57b16ebb0fb0,2022-10,229.0,158.446,70.554
619t1233-1c30-4339-9cee-57b16ebb0fb0,2022-11,-30.539999999999964,93.532,-124.07199999999996
61c307e5-7f2b-4406-9671-4c2133t7735a,2022-09,229.0,101.21,127.79
61c307e5-7f2b-4406-9671-4c2133t7735a,2022-10,229.0,112.378,116.622
61c307e5-7f2b-4406-9671-4c2133t7735a,2022-11,229.0,101.559,127.441
61c307e5-7f2b-4406-9671-4c2133t7735a,2022-12,230.99,154.956,76.03400000000002
61c307e5-7f2b-4406-9671-4c2133t7735a,2023-01,229.0,0.0,229.0
61e795f1-0fbf-42f1-90t5-e53762353t50,2022-09,29.0,73.61248,-44.612480000000005
61e795f1-0fbf-42f1-90t5-e53762353t50,2022-10,29.0,44.39104,-15.391039999999997
61e795f1-0fbf-42f1-90t5-e53762353t50,2022-11,29.0,67.38496,-38.38496000000001
61e795f1-0fbf-42f1-90t5-e53762353t50,2022-12,29.0,66.2672,-37.2672
61e795f1-0fbf-42f1-90t5-e53762353t50,2023-01,29.0,0.0,29.0
61f60c56-10f1-440a-b142-936t0454t331,2022-09,29.0,49.02176,-20.02176
61f60c56-10f1-440a-b142-936t0454t331,2022-10,29.0,48.22336,-19.22336
61f60c56-10f1-440a-b142-936t0454t331,2022-11,29.0,79.20128,-50.20128
61f60c56-10f1-440a-b142-936t0454t331,2022-12,29.0,91.97568,-62.97568
61f60c56-10f1-440a-b142-936t0454t331,2023-01,29.0,0.0,29.0
6505ccc7-73a3-435b-b2t3-ceaff33ccb13,2022-09,299.0,57.236,241.764
6505ccc7-73a3-435b-b2t3-ceaff33ccb13,2022-10,299.0,68.753,230.247
6505ccc7-73a3-435b-b2t3-ceaff33ccb13,2022-11,299.0,40.484,258.516
6505ccc7-73a3-435b-b2t3-ceaff33ccb13,2022-12,299.0,138.553,160.447
6505ccc7-73a3-435b-b2t3-ceaff33ccb13,2023-01,299.0,0.0,299.0
651eae7b-7a1c-4636-31aa-ct1c3c3691a3,2022-09,229.0,88.646,140.35399999999998
651eae7b-7a1c-4636-31aa-ct1c3c3691a3,2022-10,229.0,87.948,141.05200000000002
651eae7b-7a1c-4636-31aa-ct1c3c3691a3,2022-11,229.0,85.505,143.495
651eae7b-7a1c-4636-31aa-ct1c3c3691a3,2022-12,229.0,151.815,77.185
651eae7b-7a1c-4636-31aa-ct1c3c3691a3,2023-01,229.0,0.0,229.0
65715ta0-9a3f-42e4-30e7-95a0712c706a,2022-09,34.0,13.338,20.662
65715ta0-9a3f-42e4-30e7-95a0712c706a,2022-10,34.0,14.859,19.141
65715ta0-9a3f-42e4-30e7-95a0712c706a,2022-11,34.0,13.338,20.662
65715ta0-9a3f-42e4-30e7-95a0712c706a,2022-12,34.0,7.02,26.98
65715ta0-9a3f-42e4-30e7-95a0712c706a,2023-01,34.0,0.0,34.0
692t3c45-aa94-427t-b7t9-t236a3913237,2022-09,29.0,80.31904,-51.31904
692t3c45-aa94-427t-b7t9-t236a3913237,2022-10,29.0,47.1056,-18.105600000000003
692t3c45-aa94-427t-b7t9-t236a3913237,2022-11,29.0,53.81216,-24.81216
692t3c45-aa94-427t-b7t9-t236a3913237,2022-12,29.0,94.05152,-65.05152
692t3c45-aa94-427t-b7t9-t236a3913237,2023-01,29.0,0.0,29.0
693f1b23-9c0t-4e95-a30f-99b244a7e9eb,2022-08,5.35,0.0,5.35
693f1b23-9c0t-4e95-a30f-99b244a7e9eb,2022-09,381.39,85.156,296.234
693f1b23-9c0t-4e95-a30f-99b244a7e9eb,2022-10,391.63,169.963,221.667
693f1b23-9c0t-4e95-a30f-99b244a7e9eb,2022-11,299.0,81.317,217.683
693f1b23-9c0t-4e95-a30f-99b244a7e9eb,2022-12,302.18,85.854,216.32600000000002
693f1b23-9c0t-4e95-a30f-99b244a7e9eb,2023-01,299.0,0.0,299.0
6c33314c-5c2f-4e33-9bbb-970411707293,2022-09,29.0,38.64256,-9.642560000000003
6c33314c-5c2f-4e33-9bbb-970411707293,2022-10,29.0,86.06752,-57.06752
6c33314c-5c2f-4e33-9bbb-970411707293,2022-11,29.0,32.7344,-3.734400000000001
6c33314c-5c2f-4e33-9bbb-970411707293,2022-12,29.0,41.03776,-12.037759999999999
6c33314c-5c2f-4e33-9bbb-970411707293,2023-01,29.0,0.0,29.0
6fb3c77c-312f-453a-34b1-5t32bt5063ef,2022-08,5.97,0.0,5.97
6fb3c77c-312f-453a-34b1-5t32bt5063ef,2022-09,420.89,158.795,262.095
6fb3c77c-312f-453a-34b1-5t32bt5063ef,2022-10,402.98,60.726,342.254
6fb3c77c-312f-453a-34b1-5t32bt5063ef,2022-11,400.99,99.814,301.17600000000004
6fb3c77c-312f-453a-34b1-5t32bt5063ef,2022-12,399.0,53.746,345.254
6fb3c77c-312f-453a-34b1-5t32bt5063ef,2023-01,399.0,0.0,399.0
6t2e07f9-teb9-41ft-b03f-te1aatet7aa5,2022-09,29.0,65.30912,-36.30911999999999
6t2e07f9-teb9-41ft-b03f-te1aatet7aa5,2022-10,29.0,43.912,-14.911999999999999
6t2e07f9-teb9-41ft-b03f-te1aatet7aa5,2022-11,29.0,92.13536,-63.135360000000006
6t2e07f9-teb9-41ft-b03f-te1aatet7aa5,2022-12,29.0,33.37312,-4.37312
6t2e07f9-teb9-41ft-b03f-te1aatet7aa5,2023-01,29.0,0.0,29.0
70123bfa-5ec1-443t-b2bc-t75062a3695b,2022-09,29.0,81.75616,-52.756159999999994
70123bfa-5ec1-443t-b2bc-t75062a3695b,2022-10,29.0,59.0816,-30.0816
70123bfa-5ec1-443t-b2bc-t75062a3695b,2022-11,29.0,78.40288,-49.402879999999996
70123bfa-5ec1-443t-b2bc-t75062a3695b,2022-12,29.0,76.32704,-47.32704
70123bfa-5ec1-443t-b2bc-t75062a3695b,2023-01,29.0,0.0,29.0
70efe07b-e676-4a31-34f4-4a4t59397319,2022-04,0.0,0.0,0.0
70efe07b-e676-4a31-34f4-4a4t59397319,2022-05,0.0,0.0,0.0
70efe07b-e676-4a31-34f4-4a4t59397319,2022-06,0.0,0.0,0.0
70efe07b-e676-4a31-34f4-4a4t59397319,2022-07,0.0,0.0,0.0
70efe07b-e676-4a31-34f4-4a4t59397319,2022-08,0.0,0.0,0.0
70efe07b-e676-4a31-34f4-4a4t59397319,2022-09,0.0,55.72832,-55.72832
70efe07b-e676-4a31-34f4-4a4t59397319,2022-10,0.0,35.28928,-35.28928
70efe07b-e676-4a31-34f4-4a4t59397319,2022-11,29.0,75.36896,-46.36896
70efe07b-e676-4a31-34f4-4a4t59397319,2022-12,3.740000000000002,69.93984,-66.19984
70f71003-073e-443f-att2-40a7bb4004b1,2022-09,299.0,63.867,235.133
70f71003-073e-443f-att2-40a7bb4004b1,2022-10,299.0,173.104,125.89599999999999
70f71003-073e-443f-att2-40a7bb4004b1,2022-11,299.0,173.453,125.547
70f71003-073e-443f-att2-40a7bb4004b1,2022-12,299.0,58.283,240.71699999999998
70f71003-073e-443f-att2-40a7bb4004b1,2023-01,299.0,0.0,299.0
713f4f1c-3303-479c-a3ac-3695b3t3015f,2022-09,0.0,64.51072,-64.51072
713f4f1c-3303-479c-a3ac-3695b3t3015f,2022-10,0.0,66.90592,-66.90592
713f4f1c-3303-479c-a3ac-3695b3t3015f,2022-11,0.0,44.23136,-44.23136
713f4f1c-3303-479c-a3ac-3695b3t3015f,2022-12,0.0,89.58048,-89.58048
713f4f1c-3303-479c-a3ac-3695b3t3015f,2023-01,0.0,0.0,0.0
7175722e-b513-4e33-b295-14a4e0f92349,2022-09,229.0,96.324,132.676
7175722e-b513-4e33-b295-14a4e0f92349,2022-10,229.0,66.31,162.69
7175722e-b513-4e33-b295-14a4e0f92349,2022-11,229.0,138.204,90.79599999999999
7175722e-b513-4e33-b295-14a4e0f92349,2022-12,229.0,142.741,86.25899999999999
7175722e-b513-4e33-b295-14a4e0f92349,2023-01,229.0,0.0,229.0
73t53c73-403t-4btc-91ab-fe5b3f69t5bt,2022-10,29.0,0.0,29.0
73t53c73-403t-4btc-91ab-fe5b3f69t5bt,2022-11,29.0,0.0,29.0
73t53c73-403t-4btc-91ab-fe5b3f69t5bt,2022-12,29.0,58.76224,-29.76224
73t53c73-403t-4btc-91ab-fe5b3f69t5bt,2023-01,29.0,0.0,29.0
73t53c73-403t-4btc-91ab-fe5b3f69t5bt,2023-02,29.0,0.0,29.0
73t53c73-403t-4btc-91ab-fe5b3f69t5bt,2023-03,29.0,0.0,29.0
750431f9-c24c-41t1-9b31-0a594c9052et,2022-09,29.0,36.40704,-7.407040000000002
750431f9-c24c-41t1-9b31-0a594c9052et,2022-10,29.0,55.56864,-26.568640000000002
750431f9-c24c-41t1-9b31-0a594c9052et,2022-11,29.0,38.3232,-9.3232
750431f9-c24c-41t1-9b31-0a594c9052et,2022-12,29.0,32.41504,-3.4150399999999976
750431f9-c24c-41t1-9b31-0a594c9052et,2023-01,29.0,0.0,29.0
767c3e14-9139-4cae-94c5-ctt7e5t63402,2022-09,47.370000000000005,33.81,13.560000000000002
767c3e14-9139-4cae-94c5-ctt7e5t63402,2022-10,49.0,13.041,35.959
767c3e14-9139-4cae-94c5-ctt7e5t63402,2022-11,49.0,30.498,18.502
767c3e14-9139-4cae-94c5-ctt7e5t63402,2022-12,30.439999999999998,13.8,16.639999999999997
76bee311-t330-49t4-379a-0993c3eb3420,2022-09,206.0,88.995,117.005
76bee311-t330-49t4-379a-0993c3eb3420,2022-10,206.0,165.426,40.57400000000001
76bee311-t330-49t4-379a-0993c3eb3420,2022-11,206.0,154.956,51.04400000000001
76bee311-t330-49t4-379a-0993c3eb3420,2022-12,99.68,137.506,-37.82599999999999
79feeb36-97tc-4950-3257-fc223ae3bt7a,2022-09,359.0,73.639,285.361
79feeb36-97tc-4950-3257-fc223ae3bt7a,2022-10,360.99,161.936,199.054
79feeb36-97tc-4950-3257-fc223ae3bt7a,2022-11,359.0,85.505,273.495
79feeb36-97tc-4950-3257-fc223ae3bt7a,2022-12,359.0,68.055,290.945
79feeb36-97tc-4950-3257-fc223ae3bt7a,2023-01,359.0,0.0,359.0
7t32a615-2c01-4bf0-b4b2-4a3bc277f7bb,2022-09,29.0,52.05568,-23.055680000000002
7t32a615-2c01-4bf0-b4b2-4a3bc277f7bb,2022-10,29.0,49.82016,-20.82016
7t32a615-2c01-4bf0-b4b2-4a3bc277f7bb,2022-11,29.0,38.00384,-9.003839999999997
7t32a615-2c01-4bf0-b4b2-4a3bc277f7bb,2022-12,29.0,65.62848,-36.628479999999996
7t32a615-2c01-4bf0-b4b2-4a3bc277f7bb,2023-01,29.0,0.0,29.0
7t352052-3e5t-43t7-932b-9620034451t3,2022-09,229.0,116.915,112.085
7t352052-3e5t-43t7-932b-9620034451t3,2022-10,229.0,124.593,104.407
7t352052-3e5t-43t7-932b-9620034451t3,2022-11,229.0,141.345,87.655
7t352052-3e5t-43t7-932b-9620034451t3,2022-12,229.0,45.37,183.63
7t352052-3e5t-43t7-932b-9620034451t3,2023-01,229.0,0.0,229.0
7tatc6f3-e26t-4562-3ec7-6bc3170t1ce1,2022-09,29.0,91.816,-62.816
7tatc6f3-e26t-4562-3ec7-6bc3170t1ce1,2022-10,29.0,46.94592,-17.94592
7tatc6f3-e26t-4562-3ec7-6bc3170t1ce1,2022-11,29.0,37.5248,-8.524799999999999
7tatc6f3-e26t-4562-3ec7-6bc3170t1ce1,2022-12,29.0,46.46688,-17.466880000000003
7tatc6f3-e26t-4562-3ec7-6bc3170t1ce1,2023-01,29.0,0.0,29.0
7tb47047-7137-43t3-369b-e9110339c026,2022-09,299.0,97.72,201.28
7tb47047-7137-43t3-369b-e9110339c026,2022-10,299.0,170.312,128.688
7tb47047-7137-43t3-369b-e9110339c026,2022-11,299.0,77.827,221.173
7tb47047-7137-43t3-369b-e9110339c026,2022-12,299.0,108.888,190.112
7tb47047-7137-43t3-369b-e9110339c026,2023-01,299.0,0.0,299.0
90f0fa33-9efa-4be5-922e-56t3ct6ffe0t,2022-09,29.0,85.90784,-56.90783999999999
90f0fa33-9efa-4be5-922e-56t3ct6ffe0t,2022-10,29.0,53.97184,-24.97184
90f0fa33-9efa-4be5-922e-56t3ct6ffe0t,2022-11,29.0,58.60256,-29.602559999999997
90f0fa33-9efa-4be5-922e-56t3ct6ffe0t,2022-12,29.0,43.1136,-14.113599999999998
90f0fa33-9efa-4be5-922e-56t3ct6ffe0t,2023-01,29.0,0.0,29.0
913e3052-e1cf-4b76-a6b2-e43t30t06454,2022-02,106.8,0.0,106.8
9191a6ac-276b-45c1-b72b-32c5220f5c7a,2022-09,259.0,108.539,150.461
9191a6ac-276b-45c1-b72b-32c5220f5c7a,2022-10,259.0,41.531,217.469
9191a6ac-276b-45c1-b72b-32c5220f5c7a,2022-11,259.0,70.847,188.15300000000002
9191a6ac-276b-45c1-b72b-32c5220f5c7a,2022-12,259.0,129.828,129.172
9191a6ac-276b-45c1-b72b-32c5220f5c7a,2023-01,259.0,0.0,259.0
92c5230e-1a2c-4atc-bb2t-5eb2e213a9te,2022-09,0.0,58.2832,-58.2832
92c5230e-1a2c-4atc-bb2t-5eb2e213a9te,2022-10,0.0,47.74432,-47.74432
92c5230e-1a2c-4atc-bb2t-5eb2e213a9te,2022-11,0.0,84.6304,-84.6304
92c5230e-1a2c-4atc-bb2t-5eb2e213a9te,2022-12,0.0,41.19744,-41.19744
92c5230e-1a2c-4atc-bb2t-5eb2e213a9te,2023-01,0.0,0.0,0.0
94c3bc31-abat-44eb-9ct2-6ce3a9473ft2,2022-09,229.0,117.613,111.387
94c3bc31-abat-44eb-9ct2-6ce3a9473ft2,2022-10,229.0,165.426,63.57400000000001
94c3bc31-abat-44eb-9ct2-6ce3a9473ft2,2022-11,243.86,139.949,103.911
94c3bc31-abat-44eb-9ct2-6ce3a9473ft2,2022-12,229.0,120.754,108.246
94c3bc31-abat-44eb-9ct2-6ce3a9473ft2,2023-01,229.0,0.0,229.0
97c21ccc-5t2e-4356-9cec-c07702a39047,2022-09,399.0,53.133,345.867
97c21ccc-5t2e-4356-9cec-c07702a39047,2022-10,399.0,79.799,319.201
97c21ccc-5t2e-4356-9cec-c07702a39047,2022-11,385.7,79.998,305.702
9ab7b3t3-c9c7-4e3c-3c7f-5bf95659t4b2,2022-09,399.0,95.277,303.723
9ab7b3t3-c9c7-4e3c-3c7f-5bf95659t4b2,2022-10,400.09,66.659,333.431
9ab7b3t3-c9c7-4e3c-3c7f-5bf95659t4b2,2022-11,400.99,52.001,348.98900000000003
9ab7b3t3-c9c7-4e3c-3c7f-5bf95659t4b2,2022-12,399.0,127.036,271.964
9ab7b3t3-c9c7-4e3c-3c7f-5bf95659t4b2,2023-01,399.0,0.0,399.0
9e2fec30-be31-4tf4-9594-t65330e4be19,2022-09,0.0,75.52864,-75.52864
9e2fec30-be31-4tf4-9594-t65330e4be19,2022-10,0.0,57.00576,-57.00576
9e2fec30-be31-4tf4-9594-t65330e4be19,2022-11,0.0,94.37088,-94.37088
9e2fec30-be31-4tf4-9594-t65330e4be19,2022-12,0.0,39.1216,-39.1216
9e2fec30-be31-4tf4-9594-t65330e4be19,2023-01,0.0,0.0,0.0
9e39fct4-694b-4c52-a700-266a49bet5e1,2022-08,5.67,0.0,5.67
9e39fct4-694b-4c52-a700-266a49bet5e1,2022-09,396.65999999999997,174.5,222.15999999999997
9e39fct4-694b-4c52-a700-266a49bet5e1,2022-10,407.74,83.411,324.329
9e39fct4-694b-4c52-a700-266a49bet5e1,2022-11,380.28,121.801,258.479
9e39fct4-694b-4c52-a700-266a49bet5e1,2022-12,420.5,67.357,353.14300000000003
9e39fct4-694b-4c52-a700-266a49bet5e1,2023-01,349.0,0.0,349.0
9f7c7274-2365-4t00-a63e-t33430921b39,2022-09,29.0,64.6704,-35.6704
9f7c7274-2365-4t00-a63e-t33430921b39,2022-10,29.0,0.0,29.0
9f7c7274-2365-4t00-a63e-t33430921b39,2022-11,13.53,0.0,13.53
9f7c7274-2365-4t00-a63e-t33430921b39,2022-12,0.0,81.91584,-81.91584
9f7c7274-2365-4t00-a63e-t33430921b39,2023-02,29.0,0.0,29.0
9f7c7274-2365-4t00-a63e-t33430921b39,2023-03,29.0,0.0,29.0
a101etc3-39bf-446b-3t6t-1b3bf51b2255,2022-10,229.0,0.0,229.0
a101etc3-39bf-446b-3t6t-1b3bf51b2255,2022-11,229.0,0.0,229.0
a101etc3-39bf-446b-3t6t-1b3bf51b2255,2022-12,229.0,170.661,58.339
a101etc3-39bf-446b-3t6t-1b3bf51b2255,2023-01,229.0,0.0,229.0
a101etc3-39bf-446b-3t6t-1b3bf51b2255,2023-02,229.0,0.0,229.0
a101etc3-39bf-446b-3t6t-1b3bf51b2255,2023-03,229.0,0.0,229.0
a1t59723-9cc9-4aa7-bbb2-550a33ebaaf4,2022-09,29.0,47.42496,-18.42496
a1t59723-9cc9-4aa7-bbb2-550a33ebaaf4,2022-10,29.0,81.59648,-52.59648
a1t59723-9cc9-4aa7-bbb2-550a33ebaaf4,2022-11,29.0,57.96384,-28.963839999999998
a1t59723-9cc9-4aa7-bbb2-550a33ebaaf4,2022-12,29.0,66.42688,-37.42688
a1t59723-9cc9-4aa7-bbb2-550a33ebaaf4,2023-01,29.0,0.0,29.0
a2fbe594-7630-4tb9-9116-tf712a25a03e,2022-09,29.0,49.18144,-20.181440000000002
a2fbe594-7630-4tb9-9116-tf712a25a03e,2022-10,29.0,82.87392,-53.87392
a2fbe594-7630-4tb9-9116-tf712a25a03e,2022-11,29.0,59.24128,-30.241280000000003
a2fbe594-7630-4tb9-9116-tf712a25a03e,2022-12,29.0,93.4128,-64.4128
a2fbe594-7630-4tb9-9116-tf712a25a03e,2023-01,29.0,0.0,29.0
a351f2ae-3230-473c-a0b1-ea1533e93c06,2022-09,29.0,65.62848,-36.628479999999996
a351f2ae-3230-473c-a0b1-ea1533e93c06,2022-10,29.0,79.36096,-50.360960000000006
a351f2ae-3230-473c-a0b1-ea1533e93c06,2022-11,29.0,44.23136,-15.231360000000002
a351f2ae-3230-473c-a0b1-ea1533e93c06,2022-12,29.0,81.4368,-52.436800000000005
a351f2ae-3230-473c-a0b1-ea1533e93c06,2023-01,29.0,0.0,29.0
a3bae1f9-7379-434f-9643-000e4996c205,2022-09,259.0,37.343,221.65699999999998
a3bae1f9-7379-434f-9643-000e4996c205,2022-10,259.0,75.384,183.61599999999999
a3bae1f9-7379-434f-9643-000e4996c205,2022-11,259.0,122.499,136.501
a3bae1f9-7379-434f-9643-000e4996c205,2022-12,259.0,65.263,193.737
a3bae1f9-7379-434f-9643-000e4996c205,2023-01,259.0,0.0,259.0
a3bt61f2-7b30-430e-b6ft-034790t0ebaf,2022-08,29.0,0.0,29.0
a3bt61f2-7b30-430e-b6ft-034790t0ebaf,2022-09,29.0,46.78624,-17.78624
a3bt61f2-7b30-430e-b6ft-034790t0ebaf,2022-10,58.0,44.7104,13.2896
a3bt61f2-7b30-430e-b6ft-034790t0ebaf,2022-11,29.0,65.30912,-36.30911999999999
a3bt61f2-7b30-430e-b6ft-034790t0ebaf,2022-12,58.0,70.09952,-12.099519999999998
a3bt61f2-7b30-430e-b6ft-034790t0ebaf,2023-01,29.0,0.0,29.0
a440e6t5-c9c7-463b-a0f5-102779c5a915,2022-02,145.0,0.0,145.0
a440e6t5-c9c7-463b-a0f5-102779c5a915,2022-03,93.55000000000001,0.0,93.55000000000001
a515bt4c-b7ee-43c3-3eb6-45f6f1713736,2022-09,49.0,32.844,16.156
a515bt4c-b7ee-43c3-3eb6-45f6f1713736,2022-10,49.0,17.94,31.06
a515bt4c-b7ee-43c3-3eb6-45f6f1713736,2022-11,49.0,15.87,33.13
a515bt4c-b7ee-43c3-3eb6-45f6f1713736,2022-12,49.0,16.974,32.025999999999996
a515bt4c-b7ee-43c3-3eb6-45f6f1713736,2023-01,49.0,0.0,49.0
a5tb05e0-3252-4tt4-9a56-4bcf0c945752,2022-09,29.0,56.04768,-27.04768
a5tb05e0-3252-4tt4-9a56-4bcf0c945752,2022-10,29.0,93.4128,-64.4128
a5tb05e0-3252-4tt4-9a56-4bcf0c945752,2022-11,29.0,95.64832,-66.64832
a5tb05e0-3252-4tt4-9a56-4bcf0c945752,2022-12,29.0,45.5088,-16.5088
a5tb05e0-3252-4tt4-9a56-4bcf0c945752,2023-01,29.0,0.0,29.0
a93fba17-ce12-45f6-b396-26ft7a96b997,2022-09,29.0,74.2512,-45.2512
a93fba17-ce12-45f6-b396-26ft7a96b997,2022-10,29.0,48.86208,-19.86208
a93fba17-ce12-45f6-b396-26ft7a96b997,2022-11,29.0,36.88608,-7.88608
a93fba17-ce12-45f6-b396-26ft7a96b997,2022-12,29.0,45.5088,-16.5088
a93fba17-ce12-45f6-b396-26ft7a96b997,2023-01,29.0,0.0,29.0
ab1atc6c-0124-4b3t-af23-af6371etee45,2022-09,73.13,167.869,-94.739
ab1atc6c-0124-4b3t-af23-af6371etee45,2022-10,74.9,36.645,38.255
ab1atc6c-0124-4b3t-af23-af6371etee45,2022-11,81.69,107.841,-26.150999999999996
ab1atc6c-0124-4b3t-af23-af6371etee45,2022-12,97.62,89.693,7.927000000000007
ab1atc6c-0124-4b3t-af23-af6371etee45,2023-01,69.0,0.0,69.0
ace333c1-4447-4924-a517-7e9b0t4eea24,2022-09,29.0,39.92,-10.920000000000002
ace333c1-4447-4924-a517-7e9b0t4eea24,2022-10,29.0,32.7344,-3.734400000000001
ace333c1-4447-4924-a517-7e9b0t4eea24,2022-11,29.0,67.38496,-38.38496000000001
ace333c1-4447-4924-a517-7e9b0t4eea24,2022-12,29.0,66.42688,-37.42688
ace333c1-4447-4924-a517-7e9b0t4eea24,2023-01,29.0,0.0,29.0
ae5193a0-et21-493e-b12t-aa42fefbe43b,2022-09,29.0,68.18336,-39.18335999999999
ae5193a0-et21-493e-b12t-aa42fefbe43b,2022-10,29.0,38.3232,-9.3232
ae5193a0-et21-493e-b12t-aa42fefbe43b,2022-11,29.0,84.31104,-55.311040000000006
ae5193a0-et21-493e-b12t-aa42fefbe43b,2022-12,29.0,60.51872,-31.518720000000002
ae5193a0-et21-493e-b12t-aa42fefbe43b,2023-01,29.0,0.0,29.0
af64ea96-c557-4t69-9564-7beb374396c9,2022-09,29.0,86.2272,-57.227199999999996
af64ea96-c557-4t69-9564-7beb374396c9,2022-10,29.0,83.67232,-54.67232
af64ea96-c557-4t69-9564-7beb374396c9,2022-11,29.0,49.82016,-20.82016
af64ea96-c557-4t69-9564-7beb374396c9,2022-12,29.0,74.41088,-45.410880000000006
af64ea96-c557-4t69-9564-7beb374396c9,2023-01,29.0,0.0,29.0
b24f14e3-ce6a-4352-35ab-bft13ea4644f,2022-09,49.0,33.534,15.466000000000001
b24f14e3-ce6a-4352-35ab-bft13ea4644f,2022-10,49.0,22.77,26.23
b24f14e3-ce6a-4352-35ab-bft13ea4644f,2022-11,49.0,26.013,22.987
b24f14e3-ce6a-4352-35ab-bft13ea4644f,2022-12,49.0,17.871,31.129
b24f14e3-ce6a-4352-35ab-bft13ea4644f,2023-01,49.0,0.0,49.0
b37cfe9t-1637-4b7t-3b2b-cae2bf96e096,2022-09,29.0,90.2192,-61.2192
b37cfe9t-1637-4b7t-3b2b-cae2bf96e096,2022-10,29.0,83.67232,-54.67232
b37cfe9t-1637-4b7t-3b2b-cae2bf96e096,2022-11,29.0,79.52064,-50.52064
b37cfe9t-1637-4b7t-3b2b-cae2bf96e096,2022-12,29.0,44.39104,-15.391039999999997
b37cfe9t-1637-4b7t-3b2b-cae2bf96e096,2023-01,29.0,0.0,29.0
b3f57eff-f47t-4947-be69-306b30fb00ft,2022-09,34.0,16.302,17.698
b3f57eff-f47t-4947-be69-306b30fb00ft,2022-10,34.0,8.541,25.459
b3f57eff-f47t-4947-be69-306b30fb00ft,2022-11,34.0,11.232,22.768
b3f57eff-f47t-4947-be69-306b30fb00ft,2022-12,34.0,8.619,25.381
b3f57eff-f47t-4947-be69-306b30fb00ft,2023-01,34.0,0.0,34.0
b4653c2b-b909-4a90-b99b-6f3t30c0b43f,2022-09,49.0,26.496,22.504
b4653c2b-b909-4a90-b99b-6f3t30c0b43f,2022-10,49.0,21.459,27.541
b4653c2b-b909-4a90-b99b-6f3t30c0b43f,2022-11,49.0,17.871,31.129
b4653c2b-b909-4a90-b99b-6f3t30c0b43f,2022-12,49.0,9.039,39.961
b4653c2b-b909-4a90-b99b-6f3t30c0b43f,2023-01,49.0,0.0,49.0
b5tf0b16-23f3-447b-a5a4-9696fcbec33e,2022-09,29.0,37.84416,-8.844160000000002
b5tf0b16-23f3-447b-a5a4-9696fcbec33e,2022-10,29.0,69.78016,-40.780159999999995
b5tf0b16-23f3-447b-a5a4-9696fcbec33e,2022-11,29.0,63.872,-34.872
b5tf0b16-23f3-447b-a5a4-9696fcbec33e,2022-12,29.0,64.51072,-35.510720000000006
b5tf0b16-23f3-447b-a5a4-9696fcbec33e,2023-01,29.0,0.0,29.0
b663ae09-fb9c-4te6-3960-ab1a3262f500,2022-09,260.99,51.652,209.33800000000002
b663ae09-fb9c-4te6-3960-ab1a3262f500,2022-10,259.0,145.882,113.118
b663ae09-fb9c-4te6-3960-ab1a3262f500,2022-11,259.0,78.874,180.126
b663ae09-fb9c-4te6-3960-ab1a3262f500,2022-12,259.0,40.135,218.865
b663ae09-fb9c-4te6-3960-ab1a3262f500,2023-01,259.0,0.0,259.0
b779t2f1-ct04-4f3b-bt3f-a06fc635c23c,2022-09,29.0,90.69824,-61.69824
b779t2f1-ct04-4f3b-bt3f-a06fc635c23c,2022-10,29.0,68.18336,-39.18335999999999
b779t2f1-ct04-4f3b-bt3f-a06fc635c23c,2022-11,29.0,34.3312,-5.331200000000003
b779t2f1-ct04-4f3b-bt3f-a06fc635c23c,2022-12,29.0,51.41696,-22.416960000000003
b779t2f1-ct04-4f3b-bt3f-a06fc635c23c,2023-01,29.0,0.0,29.0
b793bc43-461a-4ttc-3929-e7c37afa7b52,2022-09,29.0,48.38304,-19.38304
b793bc43-461a-4ttc-3929-e7c37afa7b52,2022-10,29.0,86.86592,-57.86592
b793bc43-461a-4ttc-3929-e7c37afa7b52,2022-11,29.0,42.79424,-13.794240000000002
b793bc43-461a-4ttc-3929-e7c37afa7b52,2022-12,29.0,87.34496,-58.34496
b793bc43-461a-4ttc-3929-e7c37afa7b52,2023-01,29.0,0.0,29.0
b7b1014e-659t-43tt-3039-t46f34a3e6be,2022-09,29.0,54.13152,-25.131520000000002
b7b1014e-659t-43tt-3039-t46f34a3e6be,2022-10,29.0,51.0976,-22.0976
b7b1014e-659t-43tt-3039-t46f34a3e6be,2022-11,29.0,70.41888,-41.41888
b7b1014e-659t-43tt-3039-t46f34a3e6be,2022-12,29.0,69.4608,-40.460800000000006
b7b1014e-659t-43tt-3039-t46f34a3e6be,2023-01,29.0,0.0,29.0
bf35a203-77cb-4aca-a1f4-0f060be79341,2022-09,29.0,93.89184,-64.89184
bf35a203-77cb-4aca-a1f4-0f060be79341,2022-10,29.0,63.872,-34.872
bf35a203-77cb-4aca-a1f4-0f060be79341,2022-11,29.0,65.62848,-36.628479999999996
bf35a203-77cb-4aca-a1f4-0f060be79341,2022-12,29.0,91.0176,-62.0176
bf35a203-77cb-4aca-a1f4-0f060be79341,2023-01,29.0,0.0,29.0
bfc452ec-1431-4fet-b45t-6teaaac3f024,2022-09,229.0,132.62,96.38
bfc452ec-1431-4fet-b45t-6teaaac3f024,2022-10,229.0,137.506,91.494
bfc452ec-1431-4fet-b45t-6teaaac3f024,2022-11,229.0,97.022,131.978
bfc452ec-1431-4fet-b45t-6teaaac3f024,2022-12,229.0,142.741,86.25899999999999
bfc452ec-1431-4fet-b45t-6teaaac3f024,2023-01,229.0,0.0,229.0
btfe4et4-93c5-4f45-a92f-1t04et7327ft,2022-09,29.0,53.81216,-24.81216
btfe4et4-93c5-4f45-a92f-1t04et7327ft,2022-10,29.0,90.2192,-61.2192
btfe4et4-93c5-4f45-a92f-1t04et7327ft,2022-11,29.0,95.808,-66.808
btfe4et4-93c5-4f45-a92f-1t04et7327ft,2022-12,29.0,57.64448,-28.64448
btfe4et4-93c5-4f45-a92f-1t04et7327ft,2023-01,29.0,0.0,29.0
c01a40aa-t0t7-4eb7-bc70-91073b1f176a,2022-09,379.0,157.05,221.95
c01a40aa-t0t7-4eb7-bc70-91073b1f176a,2022-10,379.0,112.727,266.273
c01a40aa-t0t7-4eb7-bc70-91073b1f176a,2022-11,379.0,121.103,257.897
c01a40aa-t0t7-4eb7-bc70-91073b1f176a,2022-12,379.0,168.916,210.084
c01a40aa-t0t7-4eb7-bc70-91073b1f176a,2023-01,379.0,0.0,379.0
c126fcfe-1213-40e3-936a-ftt34326tt25,2022-09,0.0,90.05952,-90.05952
c126fcfe-1213-40e3-936a-ftt34326tt25,2022-10,0.0,41.83616,-41.83616
c126fcfe-1213-40e3-936a-ftt34326tt25,2022-11,0.0,70.09952,-70.09952
c126fcfe-1213-40e3-936a-ftt34326tt25,2022-12,0.0,65.14944,-65.14944
c126fcfe-1213-40e3-936a-ftt34326tt25,2023-01,0.0,0.0,0.0
c2605c13-4979-451a-36a1-4a3c91fe6366,2022-09,29.0,33.37312,-4.37312
c2605c13-4979-451a-36a1-4a3c91fe6366,2022-10,29.0,50.77824,-21.778239999999997
c2605c13-4979-451a-36a1-4a3c91fe6366,2022-11,29.0,86.06752,-57.06752
c2605c13-4979-451a-36a1-4a3c91fe6366,2022-12,29.0,81.4368,-52.436800000000005
c2605c13-4979-451a-36a1-4a3c91fe6366,2023-01,29.0,0.0,29.0
c33tab17-t497-4547-3371-69cf1e11074f,2022-09,29.0,50.77824,-21.778239999999997
c33tab17-t497-4547-3371-69cf1e11074f,2022-10,29.0,92.93376,-63.93376000000001
c33tab17-t497-4547-3371-69cf1e11074f,2022-11,29.0,60.51872,-31.518720000000002
c33tab17-t497-4547-3371-69cf1e11074f,2022-12,29.0,61.4768,-32.4768
c33tab17-t497-4547-3371-69cf1e11074f,2023-01,29.0,0.0,29.0
c35a4653-992c-43t3-9a1b-219aca91e03f,2022-09,229.0,114.821,114.179
c35a4653-992c-43t3-9a1b-219aca91e03f,2022-10,229.0,48.511,180.489
c35a4653-992c-43t3-9a1b-219aca91e03f,2022-11,229.0,110.633,118.367
c35a4653-992c-43t3-9a1b-219aca91e03f,2022-12,229.0,132.62,96.38
c35a4653-992c-43t3-9a1b-219aca91e03f,2023-01,229.0,0.0,229.0
c79t192e-3e23-4792-b736-9c950539fet5,2022-09,29.0,85.10944,-56.109440000000006
c79t192e-3e23-4792-b736-9c950539fet5,2022-10,29.0,73.93184,-44.931839999999994
c79t192e-3e23-4792-b736-9c950539fet5,2022-11,29.0,89.58048,-60.580479999999994
c79t192e-3e23-4792-b736-9c950539fet5,2022-12,29.0,36.88608,-7.88608
c79t192e-3e23-4792-b736-9c950539fet5,2023-01,29.0,0.0,29.0
c903ca6c-1025-4fa9-aa16-6a2232759ec0,2022-09,229.0,56.189,172.811
c903ca6c-1025-4fa9-aa16-6a2232759ec0,2022-10,229.0,147.976,81.024
c903ca6c-1025-4fa9-aa16-6a2232759ec0,2022-11,229.0,96.673,132.327
c903ca6c-1025-4fa9-aa16-6a2232759ec0,2022-12,229.0,134.714,94.286
c903ca6c-1025-4fa9-aa16-6a2232759ec0,2023-01,229.0,0.0,229.0
c9f52b5f-0c7f-4743-9fa3-f049c0e36327,2022-09,29.0,91.49664,-62.49664
c9f52b5f-0c7f-4743-9fa3-f049c0e36327,2022-10,29.0,37.5248,-8.524799999999999
c9f52b5f-0c7f-4743-9fa3-f049c0e36327,2022-11,29.0,67.864,-38.864000000000004
c9f52b5f-0c7f-4743-9fa3-f049c0e36327,2022-12,29.0,58.12352,-29.12352
c9f52b5f-0c7f-4743-9fa3-f049c0e36327,2023-01,29.0,0.0,29.0
cac94bt2-9c3f-4c33-3f53-3t497e2a343t,2022-09,29.0,57.96384,-28.963839999999998
cac94bt2-9c3f-4c33-3f53-3t497e2a343t,2022-10,29.0,41.83616,-12.83616
cac94bt2-9c3f-4c33-3f53-3t497e2a343t,2022-11,29.0,31.936,-2.936
cac94bt2-9c3f-4c33-3f53-3t497e2a343t,2022-12,29.0,92.29504,-63.29504
cac94bt2-9c3f-4c33-3f53-3t497e2a343t,2023-01,29.0,0.0,29.0
cb1a1063-31cf-4aa2-b09e-7105b62fa3f6,2022-09,29.0,64.51072,-35.510720000000006
cb1a1063-31cf-4aa2-b09e-7105b62fa3f6,2022-10,29.0,75.848,-46.848
cb1a1063-31cf-4aa2-b09e-7105b62fa3f6,2022-11,29.0,64.19136,-35.19136
cb1a1063-31cf-4aa2-b09e-7105b62fa3f6,2022-12,29.0,61.79616,-32.79616
cb1a1063-31cf-4aa2-b09e-7105b62fa3f6,2023-01,29.0,0.0,29.0
cb7a0ftf-5c5b-46fa-b627-34ct06e3ebt3,2022-09,240.03,123.895,116.135
cb7a0ftf-5c5b-46fa-b627-34ct06e3ebt3,2022-10,128.71,86.552,42.158
cf733933-f233-450a-9b65-5f4t7331tae0,2022-04,-145.0,0.0,-145.0
cf733933-f233-450a-9b65-5f4t7331tae0,2022-05,-145.0,0.0,-145.0
cf733933-f233-450a-9b65-5f4t7331tae0,2022-06,-145.0,0.0,-145.0
e0a43e3a-1243-4ea3-bc53-c79tta34c320,2022-09,29.0,51.41696,-22.416960000000003
e0a43e3a-1243-4ea3-bc53-c79tta34c320,2022-10,29.0,40.23936,-11.239359999999998
e0a43e3a-1243-4ea3-bc53-c79tta34c320,2022-11,29.0,42.63456,-13.63456
e0a43e3a-1243-4ea3-bc53-c79tta34c320,2022-12,29.0,53.33312,-24.33312
e0a43e3a-1243-4ea3-bc53-c79tta34c320,2023-01,29.0,0.0,29.0
e0a43e3a-1243-4ea3-bc53-c79tta34c320,2023-02,29.0,0.0,29.0
e0a43e3a-1243-4ea3-bc53-c79tta34c320,2023-03,29.0,0.0,29.0
e20f1t13-9ftc-4157-9c34-ae4f0430f19c,2022-08,34.0,0.0,34.0
e20f1t13-9ftc-4157-9c34-ae4f0430f19c,2022-09,34.0,11.622,22.378
e20f1t13-9ftc-4157-9c34-ae4f0430f19c,2022-10,68.0,17.316,50.684
e20f1t13-9ftc-4157-9c34-ae4f0430f19c,2022-11,34.0,11.895,22.105
e20f1t13-9ftc-4157-9c34-ae4f0430f19c,2022-12,68.0,17.043,50.957
e20f1t13-9ftc-4157-9c34-ae4f0430f19c,2023-01,34.0,0.0,34.0
e2700a53-7550-4c67-30ff-ec3936770b4c,2022-09,29.0,84.94976,-55.94976
e2700a53-7550-4c67-30ff-ec3936770b4c,2022-10,29.0,52.37504,-23.37504
e2700a53-7550-4c67-30ff-ec3936770b4c,2022-11,58.0,75.0496,-17.049599999999998
e2700a53-7550-4c67-30ff-ec3936770b4c,2022-12,29.0,80.31904,-51.31904
e2700a53-7550-4c67-30ff-ec3936770b4c,2023-01,29.0,0.0,29.0
e2t6e533-b71e-404a-3615-6c5ea43cbt41,2022-09,385.7,77.478,308.222
e2t6e533-b71e-404a-3615-6c5ea43cbt41,2022-10,399.0,154.607,244.393
e2t6e533-b71e-404a-3615-6c5ea43cbt41,2022-11,399.0,156.701,242.299
e2t6e533-b71e-404a-3615-6c5ea43cbt41,2022-12,299.0,91.438,207.562
e2t6e533-b71e-404a-3615-6c5ea43cbt41,2023-01,0.0,0.0,0.0
e332ea53-2e66-4297-b753-32f6b34b5a06,2022-09,299.0,74.337,224.663
e332ea53-2e66-4297-b753-32f6b34b5a06,2022-10,299.0,154.258,144.742
e332ea53-2e66-4297-b753-32f6b34b5a06,2022-11,299.0,146.929,152.071
e332ea53-2e66-4297-b753-32f6b34b5a06,2022-12,299.0,49.209,249.791
e332ea53-2e66-4297-b753-32f6b34b5a06,2023-01,299.0,0.0,299.0
e40f35b9-9694-4e03-3aeb-c7ce33tce3f0,2022-09,229.0,149.721,79.279
e40f35b9-9694-4e03-3aeb-c7ce33tce3f0,2022-10,229.0,169.963,59.037000000000006
e40f35b9-9694-4e03-3aeb-c7ce33tce3f0,2022-11,229.0,49.209,179.791
e40f35b9-9694-4e03-3aeb-c7ce33tce3f0,2022-12,229.0,160.191,68.809
e40f35b9-9694-4e03-3aeb-c7ce33tce3f0,2023-01,229.0,0.0,229.0
e4t9419a-9964-46b4-3913-22163472c005,2022-09,29.0,39.28128,-10.281280000000002
e4t9419a-9964-46b4-3913-22163472c005,2022-10,29.0,40.23936,-11.239359999999998
e4t9419a-9964-46b4-3913-22163472c005,2022-11,29.0,58.92192,-29.92192
e4t9419a-9964-46b4-3913-22163472c005,2022-12,29.0,51.896,-22.896
e4t9419a-9964-46b4-3913-22163472c005,2023-01,29.0,0.0,29.0
e5090c2e-134e-46bb-a20b-3524c35b323f,2022-09,229.0,169.963,59.037000000000006
e5090c2e-134e-46bb-a20b-3524c35b323f,2022-10,29.55,164.728,-135.178
e7ff5414-5ba3-4af5-b6f1-b1bcta60e10a,2022-09,29.0,45.5088,-16.5088
e7ff5414-5ba3-4af5-b6f1-b1bcta60e10a,2022-10,29.0,87.66432,-58.664320000000004
e7ff5414-5ba3-4af5-b6f1-b1bcta60e10a,2022-11,29.0,77.76416,-48.764160000000004
e7ff5414-5ba3-4af5-b6f1-b1bcta60e10a,2022-12,29.0,92.13536,-63.135360000000006
e7ff5414-5ba3-4af5-b6f1-b1bcta60e10a,2023-01,29.0,0.0,29.0
e991cc6e-443c-4b3b-3931-506243f4f3be,2022-09,323.14,60.377,262.763
e991cc6e-443c-4b3b-3931-506243f4f3be,2022-10,358.68,115.519,243.161
e991cc6e-443c-4b3b-3931-506243f4f3be,2022-11,287.54,139.949,147.591
e991cc6e-443c-4b3b-3931-506243f4f3be,2022-12,270.9,98.069,172.83099999999996
e991cc6e-443c-4b3b-3931-506243f4f3be,2023-01,259.0,0.0,259.0
ea3c576b-c193-4932-9b29-350aabfe2ccf,2022-09,29.0,36.24736,-7.2473600000000005
ea3c576b-c193-4932-9b29-350aabfe2ccf,2022-10,29.0,35.928,-6.927999999999997
ea3c576b-c193-4932-9b29-350aabfe2ccf,2022-11,29.0,47.74432,-18.744320000000002
ea3c576b-c193-4932-9b29-350aabfe2ccf,2022-12,29.0,70.57856,-41.578559999999996
ea3c576b-c193-4932-9b29-350aabfe2ccf,2023-01,29.0,0.0,29.0
eb1724f4-e64b-432c-bttf-t61ett3f92b5,2022-09,299.0,378.66,-79.66000000000003
eb1724f4-e64b-432c-bttf-t61ett3f92b5,2022-10,299.0,38.39,260.61
eb1724f4-e64b-432c-bttf-t61ett3f92b5,2022-11,299.0,40.833,258.16700000000003
eb1724f4-e64b-432c-bttf-t61ett3f92b5,2022-12,299.0,95.975,203.025
eb1724f4-e64b-432c-bttf-t61ett3f92b5,2023-01,299.0,0.0,299.0
eb25fft3-7336-4t05-97t2-3a33b0t4cbe6,2022-09,29.0,49.02176,-20.02176
eb25fft3-7336-4t05-97t2-3a33b0t4cbe6,2022-10,29.0,34.01184,-5.011839999999999
eb25fft3-7336-4t05-97t2-3a33b0t4cbe6,2022-11,-1.9399999999999977,34.96992,-36.90992
ebc9f9a0-ecta-4bta-3e0b-9c6t0eb6e755,2022-09,28.03,70.57856,-42.548559999999995
ebc9f9a0-ecta-4bta-3e0b-9c6t0eb6e755,2022-10,29.0,42.3152,-13.315199999999997
ebc9f9a0-ecta-4bta-3e0b-9c6t0eb6e755,2022-11,29.0,81.75616,-52.756159999999994
ebc9f9a0-ecta-4bta-3e0b-9c6t0eb6e755,2022-12,16.84,84.47072,-67.63072
eeb9f7fe-t29b-46t1-b03t-300b47c345a4,2022-09,240.03,162.285,77.745
eeb9f7fe-t29b-46t1-b03t-300b47c345a4,2022-10,128.71,54.444,74.266
ef2tc230-3ac6-41t2-aa15-2b375527tc2f,2022-09,379.0,118.66,260.34000000000003
ef2tc230-3ac6-41t2-aa15-2b375527tc2f,2022-10,379.0,153.909,225.091
ef2tc230-3ac6-41t2-aa15-2b375527tc2f,2022-11,379.0,52.35,326.65
ef2tc230-3ac6-41t2-aa15-2b375527tc2f,2022-12,379.0,156.701,222.299
ef2tc230-3ac6-41t2-aa15-2b375527tc2f,2023-01,379.0,0.0,379.0
et03930f-3f30-43b3-3b53-359t1fc7t1te,2022-09,229.0,135.063,93.93700000000001
et03930f-3f30-43b3-3b53-359t1fc7t1te,2022-10,229.0,107.841,121.159
et03930f-3f30-43b3-3b53-359t1fc7t1te,2022-11,229.0,57.585,171.415
et03930f-3f30-43b3-3b53-359t1fc7t1te,2022-12,229.0,148.674,80.326
et03930f-3f30-43b3-3b53-359t1fc7t1te,2023-01,229.0,0.0,229.0
etc0231t-776t-405t-3116-596566c03c30,2022-09,29.0,40.23936,-11.239359999999998
etc0231t-776t-405t-3116-596566c03c30,2022-10,29.0,32.41504,-3.4150399999999976
etc0231t-776t-405t-3116-596566c03c30,2022-11,29.0,68.18336,-39.18335999999999
etc0231t-776t-405t-3116-596566c03c30,2022-12,29.0,62.91392,-33.91392
etc0231t-776t-405t-3116-596566c03c30,2023-01,29.0,0.0,29.0
etc3942b-5056-4ea7-b7a7-7bt26ec916c6,2022-09,454.35,83.411,370.939
etc3942b-5056-4ea7-b7a7-7bt26ec916c6,2022-10,449.0,100.512,348.488
etc3942b-5056-4ea7-b7a7-7bt26ec916c6,2022-11,473.48,162.285,311.19500000000005
etc3942b-5056-4ea7-b7a7-7bt26ec916c6,2022-12,449.0,155.654,293.346
etc3942b-5056-4ea7-b7a7-7bt26ec916c6,2023-01,449.0,0.0,449.0
f36ba953-43f5-40c5-3e24-6303ff0tc033,2022-09,29.0,33.5328,-4.532800000000002
f36ba953-43f5-40c5-3e24-6303ff0tc033,2022-10,29.0,85.10944,-56.109440000000006
f36ba953-43f5-40c5-3e24-6303ff0tc033,2022-11,29.0,85.10944,-56.109440000000006
f36ba953-43f5-40c5-3e24-6303ff0tc033,2022-12,29.0,89.89984,-60.89984
f36ba953-43f5-40c5-3e24-6303ff0tc033,2023-01,29.0,0.0,29.0
f5731e0e-3a59-49e7-91ef-3321t61145t3,2022-09,29.0,88.14336,-59.14336
f5731e0e-3a59-49e7-91ef-3321t61145t3,2022-10,29.0,89.4208,-60.4208
f5731e0e-3a59-49e7-91ef-3321t61145t3,2022-11,29.0,69.30112,-40.30112
f5731e0e-3a59-49e7-91ef-3321t61145t3,2022-12,29.0,79.36096,-50.360960000000006
f5731e0e-3a59-49e7-91ef-3321t61145t3,2023-01,29.0,0.0,29.0
f6tta709-16f0-4373-b346-3071f713e337,2022-01,60.8,0.0,60.8
fa9f0425-5e06-431t-315e-527t326370f2,2022-09,229.0,44.323,184.677
fa9f0425-5e06-431t-315e-527t326370f2,2022-10,229.0,81.666,147.334
fa9f0425-5e06-431t-315e-527t326370f2,2022-11,229.0,159.493,69.507
fa9f0425-5e06-431t-315e-527t326370f2,2022-12,229.0,158.795,70.20500000000001
fa9f0425-5e06-431t-315e-527t326370f2,2023-01,229.0,0.0,229.0
fcf3222t-e654-493t-96ac-f5b2c30f7375,2022-09,29.0,46.62656,-17.626559999999998
fcf3222t-e654-493t-96ac-f5b2c30f7375,2022-10,29.0,52.6944,-23.6944
fcf3222t-e654-493t-96ac-f5b2c30f7375,2022-11,29.0,47.58464,-18.58464
fcf3222t-e654-493t-96ac-f5b2c30f7375,2022-12,29.0,83.35296,-54.352959999999996
fcf3222t-e654-493t-96ac-f5b2c30f7375,2023-01,29.0,0.0,29.0
fe375256-f225-419a-be33-03c4742b0t3b,2022-09,29.0,55.888,-26.887999999999998
fe375256-f225-419a-be33-03c4742b0t3b,2022-10,29.0,57.32512,-28.32512
fe375256-f225-419a-be33-03c4742b0t3b,2022-11,29.0,42.95392,-13.953919999999997
fe375256-f225-419a-be33-03c4742b0t3b,2022-12,29.0,67.54464,-38.54464
fe375256-f225-419a-be33-03c4742b0t3b,2023-01,29.0,0.0,29.0
fe4cc934-3t44-4314-aa1f-aae4et1ab413,2022-09,299.0,49.558,249.442
fe4cc934-3t44-4314-aa1f-aae4et1ab413,2022-10,299.0,52.699,246.301
fe4cc934-3t44-4314-aa1f-aae4et1ab413,2022-11,299.0,58.632,240.368
fe4cc934-3t44-4314-aa1f-aae4et1ab413,2022-12,299.0,171.359,127.64099999999999
fe4cc934-3t44-4314-aa1f-aae4et1ab413,2023-01,299.0,0.0,299.0
fff7021t-35t1-4b33-3015-7747437t2704,2022-08,2.59,0.0,2.59
fff7021t-35t1-4b33-3015-7747437t2704,2022-09,635.63,70.498,565.132
fff7021t-35t1-4b33-3015-7747437t2704,2022-10,320.62,135.761,184.859
fff7021t-35t1-4b33-3015-7747437t2704,2022-11,229.0,114.821,114.179
fff7021t-35t1-4b33-3015-7747437t2704,2022-12,229.0,86.203,142.797
fff7021t-35t1-4b33-3015-7747437t2704,2023-01,229.0,0.0,229.0
t001725t-ae22-415t-35f6-atb7614btea9,2022-09,229.0,150.419,78.58099999999999
t001725t-ae22-415t-35f6-atb7614btea9,2022-10,229.0,40.833,188.167
t001725t-ae22-415t-35f6-atb7614btea9,2022-11,229.0,75.384,153.61599999999999
t001725t-ae22-415t-35f6-atb7614btea9,2022-12,229.0,61.773,167.227
t001725t-ae22-415t-35f6-atb7614btea9,2023-01,229.0,0.0,229.0
t20f924e-0250-40e3-b1ft-1140a0ba2b1e,2022-09,299.0,91.438,207.562
t20f924e-0250-40e3-b1ft-1140a0ba2b1e,2022-10,299.0,82.364,216.636
t20f924e-0250-40e3-b1ft-1140a0ba2b1e,2022-11,299.0,102.606,196.394
t20f924e-0250-40e3-b1ft-1140a0ba2b1e,2022-12,299.0,120.056,178.94400000000002
t20f924e-0250-40e3-b1ft-1140a0ba2b1e,2023-01,299.0,0.0,299.0
t410347a-772f-4a0t-a670-07741e2ee99a,2022-09,139.0,11.7,127.3
t410347a-772f-4a0t-a670-07741e2ee99a,2022-10,139.0,15.015,123.985
t410347a-772f-4a0t-a670-07741e2ee99a,2022-11,139.0,10.803,128.197
t410347a-772f-4a0t-a670-07741e2ee99a,2022-12,139.0,8.892,130.108
t410347a-772f-4a0t-a670-07741e2ee99a,2023-01,139.0,0.0,139.0
t57t3321-43t9-4fa3-3ac4-c5t3f3f23tfe,2022-09,379.0,70.498,308.502
t57t3321-43t9-4fa3-3ac4-c5t3f3f23tfe,2022-10,141.58,85.505,56.07500000000002
t712e337-7a7f-46b2-3e5t-2704bf650a5a,2022-09,29.0,66.90592,-37.905919999999995
t712e337-7a7f-46b2-3e5t-2704bf650a5a,2022-10,29.0,73.4528,-44.452799999999996
t712e337-7a7f-46b2-3e5t-2704bf650a5a,2022-11,29.0,80.31904,-51.31904
t712e337-7a7f-46b2-3e5t-2704bf650a5a,2022-12,29.0,76.48672,-47.486720000000005
t712e337-7a7f-46b2-3e5t-2704bf650a5a,2023-01,29.0,0.0,29.0
t9042t33-456b-4e76-93fc-23732t31a304,2022-09,29.0,55.72832,-26.728319999999997
t9042t33-456b-4e76-93fc-23732t31a304,2022-10,29.0,60.51872,-31.518720000000002
t9042t33-456b-4e76-93fc-23732t31a304,2022-11,29.0,42.3152,-13.315199999999997
t9042t33-456b-4e76-93fc-23732t31a304,2022-12,29.0,71.0576,-42.057599999999994
t9042t33-456b-4e76-93fc-23732t31a304,2023-01,29.0,0.0,29.0
t9tbba2c-4ca5-4c33-3317-0t55f3ccb692,2022-09,29.0,47.58464,-18.58464
t9tbba2c-4ca5-4c33-3317-0t55f3ccb692,2022-10,29.0,60.99776,-31.99776
t9tbba2c-4ca5-4c33-3317-0t55f3ccb692,2022-11,29.0,33.5328,-4.532800000000002
t9tbba2c-4ca5-4c33-3317-0t55f3ccb692,2022-12,29.0,81.59648,-52.59648
t9tbba2c-4ca5-4c33-3317-0t55f3ccb692,2023-01,29.0,0.0,29.0
tb69fa4e-15t7-4563-93t7-e3e37733ac7a,2022-09,29.0,90.37888,-61.378879999999995
tb69fa4e-15t7-4563-93t7-e3e37733ac7a,2022-10,29.0,48.86208,-19.86208
tb69fa4e-15t7-4563-93t7-e3e37733ac7a,2022-11,29.0,73.29312,-44.29312
tb69fa4e-15t7-4563-93t7-e3e37733ac7a,2022-12,29.0,53.65248,-24.652479999999997
tb69fa4e-15t7-4563-93t7-e3e37733ac7a,2023-01,29.0,0.0,29.0
tct7f1e6-5c91-425c-a0bf-5b4b31fc2901,2022-09,29.0,50.93792,-21.93792
tct7f1e6-5c91-425c-a0bf-5b4b31fc2901,2022-10,29.0,73.29312,-44.29312
tct7f1e6-5c91-425c-a0bf-5b4b31fc2901,2022-11,29.0,95.48864,-66.48864
tct7f1e6-5c91-425c-a0bf-5b4b31fc2901,2022-12,29.0,74.41088,-45.410880000000006
tct7f1e6-5c91-425c-a0bf-5b4b31fc2901,2023-01,29.0,0.0,29.0
tff3b47b-ft69-45et-a63b-f9c29fte7f3b,2022-09,29.0,53.81216,-24.81216
tff3b47b-ft69-45et-a63b-f9c29fte7f3b,2022-10,29.0,82.87392,-53.87392
tff3b47b-ft69-45et-a63b-f9c29fte7f3b,2022-11,29.0,80.6384,-51.638400000000004
tff3b47b-ft69-45et-a63b-f9c29fte7f3b,2022-12,29.0,64.98976,-35.989760000000004
tff3b47b-ft69-45et-a63b-f9c29fte7f3b,2023-01,29.0,0.0,29.0
tt32a5e0-9363-432t-b103-23f31605c349,2022-09,299.0,45.021,253.97899999999998
tt32a5e0-9363-432t-b103-23f31605c349,2022-10,299.0,172.755,126.245
tt32a5e0-9363-432t-b103-23f31605c349,2022-11,299.0,137.157,161.843
tt32a5e0-9363-432t-b103-23f31605c349,2022-12,299.0,45.021,253.97899999999998
tt32a5e0-9363-432t-b103-23f31605c349,2023-01,299.0,0.0,299.0
tt9e0ce1-1799-46t3-997c-1cb2cb6273b5,2022-09,29.0,43.75232,-14.752319999999997
tt9e0ce1-1799-46t3-997c-1cb2cb6273b5,2022-10,29.0,0.0,29.0
tt9e0ce1-1799-46t3-997c-1cb2cb6273b5,2022-11,13.53,0.0,13.53
tt9e0ce1-1799-46t3-997c-1cb2cb6273b5,2022-12,0.0,46.78624,-46.78624
tt9e0ce1-1799-46t3-997c-1cb2cb6273b5,2023-02,29.0,0.0,29.0
tt9e0ce1-1799-46t3-997c-1cb2cb6273b5,2023-03,29.0,0.0,29.0
ttf22f40-597f-4f37-3b33-7c95c9t44tc5,2022-09,229.0,144.137,84.863
ttf22f40-597f-4f37-3b33-7c95c9t44tc5,2022-10,229.0,77.478,151.522
ttf22f40-597f-4f37-3b33-7c95c9t44tc5,2022-11,229.0,64.565,164.435
ttf22f40-597f-4f37-3b33-7c95c9t44tc5,2022-12,206.84,116.566,90.274
